product_id,product_name,category,discounted_price,actual_price,discount_percentage,rating,rating_count
B0416836764,Producto Computers&Accessories 0,Computers&Accessories,874.0,4163.0,79.0,4.1,8922.0
B0490841834,Producto Car&Motorbike 1,Car&Motorbike,510.0,1021.0,50.0,4.0,13556.0
B0128388400,Producto Home&Kitchen 2,Home&Kitchen,1128.0,1880.0,40.0,3.2,1326.0
B0269299842,Producto Computers&Accessories 3,Computers&Accessories,1301.0,2711.0,52.0,3.7,5650.0
B0199799663,Producto Electronics 4,Electronics,4168.0,6833.0,39.0,4.1,3386.0
B0861523652,Producto Electronics 5,Electronics,2365.0,5032.0,53.0,3.3,2155.0
B0244323899,Producto Electronics 6,Electronics,2764.0,7896.0,65.0,4.1,8315.0
B0762925398,Producto OfficeProducts 7,OfficeProducts,303.0,541.0,44.0,4.2,12430.0
B0358525053,Producto Computers&Accessories 8,Computers&Accessories,382.0,627.0,39.0,4.2,3472.0
B0623279833,Producto Home&Kitchen 9,Home&Kitchen,136.0,238.0,43.0,4.2,13162.0
B0117035545,Producto Electronics 10,Electronics,272.0,717.0,62.0,4.3,2862.0
B0492279113,Producto Car&Motorbike 11,Car&Motorbike,529.0,979.0,46.0,4.5,14738.0
B0578257604,Producto MusicalInstruments 12,MusicalInstruments,1706.0,2843.0,40.0,4.3,5345.0
B0299946286,Producto Electronics 13,Electronics,1228.0,1833.0,33.0,4.0,5097.0
B0198043467,Producto Electronics 14,Electronics,1248.0,1863.0,33.0,3.9,1039.0
B0536071519,Producto Electronics 15,Electronics,1811.0,2293.0,21.0,4.0,2092.0
B0133061801,Producto Electronics 16,Electronics,1444.0,3282.0,56.0,4.0,4820.0
B0629025054,Producto Computers&Accessories 17,Computers&Accessories,3129.0,5395.0,42.0,4.3,11672.0
B0443878165,Producto Computers&Accessories 18,Computers&Accessories,209.0,308.0,32.0,4.1,3294.0
B0519153936,Producto Electronics 19,Electronics,2058.0,5415.0,62.0,3.9,2155.0
B0976698835,Producto Computers&Accessories 20,Computers&Accessories,1989.0,3157.0,37.0,4.4,6015.0
B0611481491,Producto Electronics 21,Electronics,1743.0,2723.0,36.0,3.9,15802.0
B0795051498,Producto Electronics 22,Electronics,2181.0,4452.0,51.0,3.8,5715.0
B0462705287,Producto Computers&Accessories 23,Computers&Accessories,645.0,1793.0,64.0,4.1,4529.0
B0395410670,Producto Computers&Accessories 24,Computers&Accessories,2021.0,3109.0,35.0,3.8,4416.0
B0557523553,Producto Home&Kitchen 25,Home&Kitchen,442.0,582.0,24.0,4.2,1527.0
B0581276208,Producto Electronics 26,Electronics,871.0,1383.0,37.0,3.8,11145.0
B0612218710,Producto Computers&Accessories 27,Computers&Accessories,159.0,270.0,41.0,4.0,12748.0
B0896210725,Producto Computers&Accessories 28,Computers&Accessories,1256.0,2792.0,55.0,4.3,2170.0
B0516861748,Producto Electronics 29,Electronics,742.0,2006.0,63.0,3.9,14763.0
B0583567131,Producto Computers&Accessories 30,Computers&Accessories,111.0,428.0,74.0,4.2,7941.0
B0830494540,Producto Electronics 31,Electronics,590.0,1405.0,58.0,3.8,8041.0
B0252655772,Producto Electronics 32,Electronics,2782.0,4968.0,44.0,4.1,4576.0
B0603773692,Producto Toys&Games 33,Toys&Games,669.0,847.0,21.0,4.1,3697.0
B0774562759,Producto Car&Motorbike 34,Car&Motorbike,294.0,544.0,46.0,4.0,2421.0
B0469374602,Producto Home&Kitchen 35,Home&Kitchen,2362.0,3150.0,25.0,4.0,1365.0
B0955076270,Producto Electronics 36,Electronics,1194.0,3143.0,62.0,4.2,2115.0
B0243141548,Producto Electronics 37,Electronics,2635.0,4706.0,44.0,3.9,10040.0
B0554538001,Producto Home&Kitchen 38,Home&Kitchen,1015.0,1390.0,27.0,4.2,4650.0
B0882656344,Producto Computers&Accessories 39,Computers&Accessories,945.0,1658.0,43.0,4.4,2155.0
B0156479920,Producto Electronics 40,Electronics,1837.0,4480.0,59.0,3.8,5008.0
B0585337532,Producto Computers&Accessories 41,Computers&Accessories,1953.0,4543.0,57.0,4.5,854.0
B0647028706,Producto Electronics 42,Electronics,1464.0,2615.0,44.0,3.9,1674.0
B0367250814,Producto HomeImprovement 43,HomeImprovement,1409.0,1698.0,17.0,4.5,10261.0
B0443870812,Producto Electronics 44,Electronics,623.0,1831.0,66.0,4.0,3255.0
B0733997332,Producto Home&Kitchen 45,Home&Kitchen,1905.0,3969.0,52.0,4.2,12340.0
B0403602679,Producto Electronics 46,Electronics,794.0,1620.0,51.0,4.2,4782.0
B0262992838,Producto Computers&Accessories 47,Computers&Accessories,4223.0,8122.0,48.0,3.9,7727.0
B0404978620,Producto Computers&Accessories 48,Computers&Accessories,426.0,656.0,35.0,4.0,1180.0
B0970872907,Producto Electronics 49,Electronics,500.0,2500.0,80.0,4.5,12011.0
B0236588707,Producto Car&Motorbike 50,Car&Motorbike,784.0,1743.0,55.0,3.9,212.0
B0806863255,Producto Home&Kitchen 51,Home&Kitchen,1140.0,2850.0,60.0,3.9,3213.0
B0756755871,Producto Toys&Games 52,Toys&Games,900.0,2144.0,58.0,3.7,11647.0
B0923298906,Producto OfficeProducts 53,OfficeProducts,1201.0,1740.0,31.0,4.4,4712.0
B0268349151,Producto Computers&Accessories 54,Computers&Accessories,2035.0,2826.0,28.0,3.8,1248.0
B0957531834,Producto Toys&Games 55,Toys&Games,219.0,385.0,43.0,4.3,12687.0
B0165359967,Producto Electronics 56,Electronics,3991.0,6543.0,39.0,3.8,16931.0
B0274804319,Producto Electronics 57,Electronics,2971.0,7074.0,58.0,4.4,4816.0
B0310587609,Producto Electronics 58,Electronics,2005.0,4178.0,52.0,4.3,825.0
B0405802093,Producto Electronics 59,Electronics,1367.0,2136.0,36.0,3.9,3981.0
B0961670993,Producto Computers&Accessories 60,Computers&Accessories,573.0,764.0,25.0,3.8,5894.0
B0689288063,Producto Electronics 61,Electronics,1033.0,1813.0,43.0,3.8,3257.0
B0450006630,Producto Home&Kitchen 62,Home&Kitchen,299.0,650.0,54.0,3.8,259.0
B0167970180,Producto Computers&Accessories 63,Computers&Accessories,1518.0,2138.0,29.0,4.3,7310.0
B0991877775,Producto Electronics 64,Electronics,4196.0,6767.0,38.0,4.0,1959.0
B0945855882,Producto Computers&Accessories 65,Computers&Accessories,815.0,2263.0,64.0,3.7,2954.0
B0411744757,Producto Electronics 66,Electronics,294.0,1130.0,74.0,4.0,931.0
B0617405986,Producto Home&Kitchen 67,Home&Kitchen,1579.0,2051.0,23.0,3.9,81.0
B0793989487,Producto Electronics 68,Electronics,5202.0,11308.0,54.0,3.4,999.0
B0291897290,Producto Health&PersonalCare 69,Health&PersonalCare,317.0,538.0,41.0,3.9,2394.0
B0799471017,Producto Home&Kitchen 70,Home&Kitchen,483.0,700.0,31.0,4.2,2417.0
B0699537238,Producto Electronics 71,Electronics,1058.0,1374.0,23.0,3.9,10192.0
B0733507152,Producto Electronics 72,Electronics,2147.0,5237.0,59.0,4.1,1766.0
B0851912073,Producto Home&Kitchen 73,Home&Kitchen,1503.0,3495.0,57.0,4.2,12093.0
B0133715793,Producto Home&Kitchen 74,Home&Kitchen,537.0,976.0,45.0,3.9,4799.0
B0850699755,Producto Home&Kitchen 75,Home&Kitchen,328.0,801.0,59.0,4.3,20558.0
B0908433287,Producto Home&Kitchen 76,Home&Kitchen,502.0,1322.0,62.0,4.5,6178.0
B0817164538,Producto Electronics 77,Electronics,3121.0,5780.0,46.0,3.6,3117.0
B0174464258,Producto Computers&Accessories 78,Computers&Accessories,601.0,1093.0,45.0,3.9,121.0
B0371546483,Producto Electronics 79,Electronics,2172.0,3950.0,45.0,4.7,1703.0
B0823793367,Producto OfficeProducts 80,OfficeProducts,500.0,962.0,48.0,4.1,4188.0
B0295210370,Producto Computers&Accessories 81,Computers&Accessories,1554.0,3172.0,51.0,4.0,4202.0
B0495217829,Producto Electronics 82,Electronics,493.0,1263.0,61.0,4.0,11075.0
B0622952577,Producto Electronics 83,Electronics,1157.0,1523.0,24.0,4.3,5816.0
B0806088418,Producto Electronics 84,Electronics,1247.0,3564.0,65.0,3.8,15712.0
B0378916496,Producto Electronics 85,Electronics,4358.0,5516.0,21.0,4.2,7803.0
B0246728136,Producto Home&Kitchen 86,Home&Kitchen,2499.0,4715.0,47.0,3.9,8310.0
B0803574307,Producto Home&Kitchen 87,Home&Kitchen,244.0,443.0,45.0,3.8,16985.0
B0272433374,Producto OfficeProducts 88,OfficeProducts,274.0,805.0,66.0,4.0,11119.0
B0816166753,Producto Computers&Accessories 89,Computers&Accessories,916.0,2081.0,56.0,4.0,14051.0
B0637048279,Producto Electronics 90,Electronics,2022.0,2324.0,13.0,3.8,362.0
B0973100923,Producto Home&Kitchen 91,Home&Kitchen,1266.0,2753.0,54.0,4.3,4159.0
B0609915720,Producto Home&Kitchen 92,Home&Kitchen,1621.0,1885.0,14.0,3.7,3594.0
B0935499897,Producto Computers&Accessories 93,Computers&Accessories,1764.0,3208.0,45.0,4.1,4988.0
B0138578154,Producto Home&Kitchen 94,Home&Kitchen,388.0,417.0,7.0,4.1,1282.0
B0947875713,Producto Computers&Accessories 95,Computers&Accessories,704.0,1564.0,55.0,4.1,10037.0
B0639346388,Producto Computers&Accessories 96,Computers&Accessories,1386.0,2166.0,36.0,4.2,10324.0
B0635305633,Producto Computers&Accessories 97,Computers&Accessories,1470.0,2371.0,38.0,3.9,3619.0
B0165015834,Producto Electronics 98,Electronics,11686.0,14607.0,20.0,4.1,2674.0
B0697665444,Producto Electronics 99,Electronics,1570.0,2617.0,40.0,4.2,2810.0
B0253377347,Producto Electronics 100,Electronics,101.0,140.0,28.0,4.2,8090.0
B0930136333,Producto Home&Kitchen 101,Home&Kitchen,630.0,1313.0,52.0,3.5,2784.0
B0594622817,Producto Electronics 102,Electronics,3425.0,4824.0,29.0,4.1,4032.0
B0950235670,Producto Computers&Accessories 103,Computers&Accessories,1651.0,2172.0,24.0,4.2,9949.0
B0678355689,Producto HomeImprovement 104,HomeImprovement,42.0,100.0,58.0,3.9,6197.0
B0900654296,Producto Electronics 105,Electronics,2780.0,4149.0,33.0,3.8,3640.0
B0173941952,Producto Computers&Accessories 106,Computers&Accessories,1325.0,3082.0,57.0,3.8,2507.0
B0616218738,Producto Home&Kitchen 107,Home&Kitchen,187.0,374.0,50.0,3.7,3949.0
B0605251574,Producto Electronics 108,Electronics,1371.0,1853.0,26.0,4.2,1855.0
B0616700783,Producto Electronics 109,Electronics,2571.0,3174.0,19.0,4.6,5214.0
B0400923086,Producto Electronics 110,Electronics,1394.0,2080.0,33.0,3.8,2209.0
B0913602655,Producto Electronics 111,Electronics,1833.0,2381.0,23.0,3.8,2207.0
B0532408397,Producto Toys&Games 112,Toys&Games,583.0,940.0,38.0,4.0,4091.0
B0438472168,Producto Home&Kitchen 113,Home&Kitchen,434.0,735.0,41.0,3.6,12230.0
B0525282132,Producto Home&Kitchen 114,Home&Kitchen,146.0,275.0,47.0,3.8,5660.0
B0645168054,Producto OfficeProducts 115,OfficeProducts,730.0,1258.0,42.0,4.0,1211.0
B0994579950,Producto Home&Kitchen 116,Home&Kitchen,156.0,487.0,68.0,3.8,3796.0
B0248623609,Producto Electronics 117,Electronics,2032.0,2822.0,28.0,4.3,2400.0
B0457176902,Producto OfficeProducts 118,OfficeProducts,153.0,438.0,65.0,3.7,2498.0
B0647959523,Producto Computers&Accessories 119,Computers&Accessories,276.0,707.0,61.0,4.3,3384.0
B0716934996,Producto Home&Kitchen 120,Home&Kitchen,1500.0,2308.0,35.0,4.4,3769.0
B0204095627,Producto OfficeProducts 121,OfficeProducts,640.0,1143.0,44.0,4.1,2249.0
B0197998606,Producto Electronics 122,Electronics,1453.0,2421.0,40.0,4.0,2060.0
B0548792353,Producto Electronics 123,Electronics,1416.0,3294.0,57.0,4.1,3005.0
B0799002091,Producto Electronics 124,Electronics,1920.0,3622.0,47.0,3.9,2343.0
B0967945510,Producto Computers&Accessories 125,Computers&Accessories,300.0,749.0,60.0,3.5,1619.0
B0618437861,Producto Home&Kitchen 126,Home&Kitchen,231.0,513.0,55.0,3.8,7313.0
B0699583437,Producto OfficeProducts 127,OfficeProducts,469.0,651.0,28.0,4.0,2500.0
B0440275382,Producto Electronics 128,Electronics,497.0,1104.0,55.0,3.8,3627.0
B0794423226,Producto Computers&Accessories 129,Computers&Accessories,1171.0,2019.0,42.0,3.9,3105.0
B0563339549,Producto Computers&Accessories 130,Computers&Accessories,63.0,139.0,55.0,4.2,2821.0
B0951080579,Producto Electronics 131,Electronics,786.0,2311.0,66.0,4.1,2242.0
B0169477118,Producto Electronics 132,Electronics,1856.0,4124.0,55.0,4.3,10126.0
B0461086094,Producto Electronics 133,Electronics,2806.0,3897.0,28.0,4.1,1606.0
B0952786594,Producto Toys&Games 134,Toys&Games,1124.0,1629.0,31.0,4.1,1760.0
B0795018476,Producto Electronics 135,Electronics,562.0,1196.0,53.0,3.8,9686.0
B0431902006,Producto Computers&Accessories 136,Computers&Accessories,991.0,1944.0,49.0,3.6,2181.0
B0356281537,Producto Home&Kitchen 137,Home&Kitchen,759.0,2371.0,68.0,4.0,5444.0
B0896315371,Producto Computers&Accessories 138,Computers&Accessories,1307.0,2562.0,49.0,3.8,3026.0
B0961675067,Producto Health&PersonalCare 139,Health&PersonalCare,509.0,878.0,42.0,4.0,4097.0
B0246038807,Producto Car&Motorbike 140,Car&Motorbike,228.0,415.0,45.0,3.7,11665.0
B0622811819,Producto Electronics 141,Electronics,2029.0,3498.0,42.0,4.2,2250.0
B0485420126,Producto Computers&Accessories 142,Computers&Accessories,1162.0,1735.0,33.0,3.8,5797.0
B0292378836,Producto Electronics 143,Electronics,1357.0,3571.0,62.0,4.0,9318.0
B0361056002,Producto Electronics 144,Electronics,947.0,1661.0,43.0,4.0,7280.0
B0323107583,Producto Electronics 145,Electronics,4762.0,7937.0,40.0,4.3,14431.0
B0564383045,Producto Computers&Accessories 146,Computers&Accessories,2234.0,3385.0,34.0,4.5,314.0
B0944878495,Producto Computers&Accessories 147,Computers&Accessories,1187.0,4566.0,74.0,4.6,1547.0
B0126128257,Producto Electronics 148,Electronics,3005.0,4117.0,27.0,3.6,1117.0
B0904617303,Producto Electronics 149,Electronics,1437.0,1819.0,21.0,3.8,1845.0
B0216435820,Producto HomeImprovement 150,HomeImprovement,913.0,1548.0,41.0,3.8,4760.0
B0810566458,Producto Electronics 151,Electronics,5276.0,7994.0,34.0,4.1,1679.0
B0271487995,Producto Electronics 152,Electronics,2591.0,4113.0,37.0,4.1,1724.0
B0740763098,Producto Computers&Accessories 153,Computers&Accessories,431.0,918.0,53.0,3.9,4929.0
B0425796552,Producto Health&PersonalCare 154,Health&PersonalCare,153.0,306.0,50.0,3.8,6340.0
B0759633910,Producto Electronics 155,Electronics,996.0,3434.0,71.0,3.8,4957.0
B0515081741,Producto Home&Kitchen 156,Home&Kitchen,2148.0,3255.0,34.0,3.2,3935.0
B0527346738,Producto Home&Kitchen 157,Home&Kitchen,2553.0,3927.0,35.0,3.6,489.0
B0395724682,Producto Electronics 158,Electronics,774.0,1579.0,51.0,4.3,2663.0
B0770709837,Producto Home&Kitchen 159,Home&Kitchen,848.0,1631.0,48.0,4.4,2015.0
B0578490191,Producto Computers&Accessories 160,Computers&Accessories,594.0,1263.0,53.0,4.4,3390.0
B0276461833,Producto Home&Kitchen 161,Home&Kitchen,281.0,375.0,25.0,4.2,3571.0
B0944961235,Producto Home&Kitchen 162,Home&Kitchen,931.0,1899.0,51.0,3.7,429.0
B0550618703,Producto Computers&Accessories 163,Computers&Accessories,1212.0,2331.0,48.0,3.7,2257.0
B0788988795,Producto Electronics 164,Electronics,2149.0,3907.0,45.0,3.5,1641.0
B0976766393,Producto MusicalInstruments 165,MusicalInstruments,1339.0,2195.0,39.0,3.8,647.0
B0532635000,Producto Electronics 166,Electronics,3178.0,4182.0,24.0,4.0,5528.0
B0636967759,Producto Electronics 167,Electronics,1871.0,4068.0,54.0,3.8,4238.0
B0291634125,Producto Electronics 168,Electronics,3898.0,5997.0,35.0,4.1,2447.0
B0361696052,Producto Computers&Accessories 169,Computers&Accessories,822.0,1027.0,20.0,4.1,669.0
B0132388763,Producto Home&Kitchen 170,Home&Kitchen,1765.0,2323.0,24.0,3.8,10994.0
B0447800849,Producto Electronics 171,Electronics,3367.0,5612.0,40.0,3.6,2648.0
B0300391065,Producto Computers&Accessories 172,Computers&Accessories,1779.0,2655.0,33.0,4.4,2073.0
B0845013605,Producto Electronics 173,Electronics,1706.0,3412.0,50.0,4.0,2814.0
B0234477446,Producto Home&Kitchen 174,Home&Kitchen,372.0,1161.0,68.0,4.6,4869.0
B0998482092,Producto Electronics 175,Electronics,2181.0,3116.0,30.0,4.0,14480.0
B0701143393,Producto Home&Kitchen 176,Home&Kitchen,627.0,1280.0,51.0,4.1,6177.0
B0611890414,Producto Computers&Accessories 177,Computers&Accessories,266.0,484.0,45.0,3.7,1139.0
B0402537414,Producto Toys&Games 178,Toys&Games,1427.0,3037.0,53.0,3.9,8134.0
B0646664416,Producto Electronics 179,Electronics,1738.0,6952.0,75.0,3.7,3368.0
B0546209971,Producto Electronics 180,Electronics,6429.0,10539.0,39.0,3.6,41.0
B0307584369,Producto Electronics 181,Electronics,3860.0,5216.0,26.0,4.2,6818.0
B0239021798,Producto Toys&Games 182,Toys&Games,182.0,443.0,59.0,4.0,9063.0
B0499052564,Producto OfficeProducts 183,OfficeProducts,699.0,945.0,26.0,3.8,2278.0
B0479581680,Producto Electronics 184,Electronics,2922.0,5963.0,51.0,3.8,2186.0
B0647598491,Producto Home&Kitchen 185,Home&Kitchen,292.0,550.0,47.0,3.9,8300.0
B0510784095,Producto Home&Kitchen 186,Home&Kitchen,1538.0,2958.0,48.0,4.3,2568.0
B0388116779,Producto Computers&Accessories 187,Computers&Accessories,574.0,1473.0,61.0,4.1,12422.0
B0749525839,Producto Computers&Accessories 188,Computers&Accessories,1598.0,3474.0,54.0,3.7,2071.0
B0254860855,Producto Electronics 189,Electronics,6132.0,8637.0,29.0,4.3,3691.0
B0992256393,Producto Electronics 190,Electronics,3160.0,4104.0,23.0,4.4,5605.0
B0792309654,Producto OfficeProducts 191,OfficeProducts,798.0,1735.0,54.0,4.2,6040.0
B0470640815,Producto HomeImprovement 192,HomeImprovement,127.0,245.0,48.0,4.3,2405.0
B0973961907,Producto Home&Kitchen 193,Home&Kitchen,109.0,456.0,76.0,4.4,9214.0
B0687358350,Producto Electronics 194,Electronics,753.0,1637.0,54.0,3.6,6726.0
B0366181631,Producto Electronics 195,Electronics,360.0,590.0,39.0,4.5,1677.0
B0370358326,Producto Home&Kitchen 196,Home&Kitchen,1955.0,3258.0,40.0,4.3,6756.0
B0262471210,Producto OfficeProducts 197,OfficeProducts,544.0,1469.0,63.0,4.2,4888.0
B0866832177,Producto OfficeProducts 198,OfficeProducts,309.0,412.0,25.0,3.9,1147.0
B0490945029,Producto Home&Kitchen 199,Home&Kitchen,1359.0,4853.0,72.0,3.7,6079.0
B0697322239,Producto Home&Kitchen 200,Home&Kitchen,581.0,985.0,41.0,3.9,7553.0
B0518904736,Producto Electronics 201,Electronics,4652.0,10819.0,57.0,4.2,3019.0
B0956141885,Producto Electronics 202,Electronics,6139.0,10963.0,44.0,3.7,4894.0
B0125327158,Producto OfficeProducts 203,OfficeProducts,299.0,393.0,24.0,3.9,2197.0
B0718001830,Producto Computers&Accessories 204,Computers&Accessories,2049.0,3725.0,45.0,3.7,6010.0
B0250459787,Producto Electronics 205,Electronics,3633.0,7124.0,49.0,3.9,9459.0
B0597246067,Producto Electronics 206,Electronics,999.0,1922.0,48.0,3.6,4415.0
B0803629283,Producto Home&Kitchen 207,Home&Kitchen,54.0,100.0,46.0,3.6,6159.0
B0909211934,Producto Electronics 208,Electronics,4394.0,5858.0,25.0,4.1,7155.0
B0199892553,Producto Electronics 209,Electronics,415.0,1596.0,74.0,3.9,2994.0
B0663256244,Producto Computers&Accessories 210,Computers&Accessories,618.0,1873.0,67.0,3.9,3413.0
B0404991009,Producto Home&Kitchen 211,Home&Kitchen,909.0,1443.0,37.0,3.8,4882.0
B0885171624,Producto Home&Kitchen 212,Home&Kitchen,1005.0,1896.0,47.0,4.8,16539.0
B0316508681,Producto Electronics 213,Electronics,1606.0,2510.0,36.0,4.2,1140.0
B0381201098,Producto Home&Kitchen 214,Home&Kitchen,760.0,1521.0,50.0,4.2,7494.0
B0865557944,Producto Electronics 215,Electronics,5389.0,7485.0,28.0,3.8,7810.0
B0853729869,Producto Electronics 216,Electronics,233.0,416.0,44.0,4.2,3948.0
B0301755138,Producto Home&Kitchen 217,Home&Kitchen,183.0,321.0,43.0,3.9,3916.0
B0515316408,Producto Home&Kitchen 218,Home&Kitchen,207.0,423.0,51.0,3.8,3952.0
B0569428896,Producto MusicalInstruments 219,MusicalInstruments,532.0,1611.0,67.0,4.6,6364.0
B0597583875,Producto Home&Kitchen 220,Home&Kitchen,582.0,2156.0,73.0,4.2,2781.0
B0151264422,Producto Computers&Accessories 221,Computers&Accessories,2244.0,4234.0,47.0,4.2,4227.0
B0278158127,Producto Electronics 222,Electronics,1085.0,2855.0,62.0,3.8,2148.0
B0656105981,Producto Computers&Accessories 223,Computers&Accessories,429.0,1788.0,76.0,3.7,8082.0
B0833568334,Producto Electronics 224,Electronics,4686.0,8367.0,44.0,4.0,545.0
B0398165647,Producto Electronics 225,Electronics,2764.0,3893.0,29.0,3.8,6275.0
B0582806949,Producto Health&PersonalCare 226,Health&PersonalCare,253.0,367.0,31.0,4.1,8420.0
B0500526595,Producto Computers&Accessories 227,Computers&Accessories,3354.0,3900.0,14.0,4.1,3513.0
B0991434871,Producto OfficeProducts 228,OfficeProducts,381.0,1155.0,67.0,4.1,19098.0
B0616540534,Producto Home&Kitchen 229,Home&Kitchen,686.0,1673.0,59.0,4.3,8098.0
B0689213594,Producto Home&Kitchen 230,Home&Kitchen,255.0,773.0,67.0,4.1,7138.0
B0252289749,Producto Computers&Accessories 231,Computers&Accessories,384.0,872.0,56.0,3.8,510.0
B0774313685,Producto Computers&Accessories 232,Computers&Accessories,694.0,950.0,27.0,3.9,7604.0
B0304749584,Producto Computers&Accessories 233,Computers&Accessories,570.0,1000.0,43.0,4.0,1681.0
B0130596588,Producto Electronics 234,Electronics,501.0,1473.0,66.0,4.3,2110.0
B0916584543,Producto Home&Kitchen 235,Home&Kitchen,315.0,807.0,61.0,4.1,6311.0
B0193582835,Producto Electronics 236,Electronics,1616.0,3297.0,51.0,3.9,2052.0
B0454747461,Producto Electronics 237,Electronics,2522.0,3603.0,30.0,4.2,3318.0
B0268891061,Producto Home&Kitchen 238,Home&Kitchen,369.0,444.0,17.0,4.0,7385.0
B0567274592,Producto Electronics 239,Electronics,1766.0,4013.0,56.0,4.5,19053.0
B0388144135,Producto Toys&Games 240,Toys&Games,273.0,802.0,66.0,4.1,3119.0
B0538982001,Producto Car&Motorbike 241,Car&Motorbike,356.0,1147.0,69.0,3.8,4195.0
B0545659132,Producto HomeImprovement 242,HomeImprovement,349.0,601.0,42.0,4.3,14993.0
B0318775732,Producto Computers&Accessories 243,Computers&Accessories,212.0,756.0,72.0,3.9,10699.0
B0326045923,Producto Electronics 244,Electronics,3716.0,5022.0,26.0,4.0,1620.0
B0576048388,Producto Toys&Games 245,Toys&Games,287.0,797.0,64.0,4.1,3121.0
B0793216452,Producto Computers&Accessories 246,Computers&Accessories,1618.0,2697.0,40.0,4.0,8235.0
B0872165678,Producto Car&Motorbike 247,Car&Motorbike,599.0,881.0,32.0,3.9,327.0
B0421585097,Producto Car&Motorbike 248,Car&Motorbike,366.0,795.0,54.0,3.6,8854.0
B0299151143,Producto OfficeProducts 249,OfficeProducts,899.0,1342.0,33.0,3.7,8944.0
B0170079097,Producto Electronics 250,Electronics,1602.0,2627.0,39.0,4.3,3488.0
B0464789382,Producto Computers&Accessories 251,Computers&Accessories,1263.0,2339.0,46.0,4.1,14499.0
B0936785291,Producto OfficeProducts 252,OfficeProducts,269.0,625.0,57.0,4.6,9430.0
B0326451293,Producto Electronics 253,Electronics,777.0,1618.0,52.0,3.7,1149.0
B0481744792,Producto Electronics 254,Electronics,1613.0,2304.0,30.0,4.0,3992.0
B0454985499,Producto Computers&Accessories 255,Computers&Accessories,2264.0,7302.0,69.0,4.4,3412.0
B0521492138,Producto Toys&Games 256,Toys&Games,147.0,408.0,64.0,3.9,6026.0
B0248705868,Producto Home&Kitchen 257,Home&Kitchen,529.0,1323.0,60.0,3.9,1260.0
B0193376048,Producto Computers&Accessories 258,Computers&Accessories,638.0,1204.0,47.0,3.9,14011.0
B0455293013,Producto Electronics 259,Electronics,1688.0,3184.0,47.0,3.9,6833.0
B0551909905,Producto Computers&Accessories 260,Computers&Accessories,727.0,1136.0,36.0,4.1,2751.0
B0284436250,Producto Health&PersonalCare 261,Health&PersonalCare,180.0,327.0,45.0,3.5,4137.0
B0705696839,Producto Electronics 262,Electronics,361.0,820.0,56.0,4.5,6016.0
B0660624348,Producto Computers&Accessories 263,Computers&Accessories,941.0,2240.0,58.0,3.8,15206.0
B0476962681,Producto OfficeProducts 264,OfficeProducts,164.0,497.0,67.0,3.5,3946.0
B0705772136,Producto Home&Kitchen 265,Home&Kitchen,1142.0,1813.0,37.0,4.0,4706.0
B0141960441,Producto Home&Kitchen 266,Home&Kitchen,465.0,1192.0,61.0,3.9,1046.0
B0659823940,Producto Home&Kitchen 267,Home&Kitchen,272.0,664.0,59.0,4.0,6014.0
B0199454534,Producto Computers&Accessories 268,Computers&Accessories,533.0,874.0,39.0,4.1,6040.0
B0892967829,Producto Electronics 269,Electronics,2987.0,3319.0,10.0,4.1,984.0
B0143103662,Producto Home&Kitchen 270,Home&Kitchen,2126.0,2995.0,29.0,4.4,7891.0
B0988120053,Producto Home&Kitchen 271,Home&Kitchen,606.0,777.0,22.0,3.8,227.0
B0464129987,Producto OfficeProducts 272,OfficeProducts,60.0,100.0,40.0,4.2,3852.0
B0939367711,Producto HomeImprovement 273,HomeImprovement,698.0,1164.0,40.0,4.2,935.0
B0414922962,Producto Computers&Accessories 274,Computers&Accessories,2510.0,4649.0,46.0,3.3,3143.0
B0878297964,Producto Computers&Accessories 275,Computers&Accessories,1107.0,3075.0,64.0,3.8,3293.0
B0403949664,Producto Home&Kitchen 276,Home&Kitchen,225.0,402.0,44.0,3.6,5208.0
B0491073280,Producto Home&Kitchen 277,Home&Kitchen,506.0,1367.0,63.0,4.2,5419.0
B0805183925,Producto Home&Kitchen 278,Home&Kitchen,1661.0,2244.0,26.0,4.1,5342.0
B0104725421,Producto Home&Kitchen 279,Home&Kitchen,563.0,880.0,36.0,4.1,4433.0
B0212454312,Producto OfficeProducts 280,OfficeProducts,325.0,422.0,23.0,3.9,7574.0
B0250022391,Producto Electronics 281,Electronics,825.0,2171.0,62.0,4.0,10900.0
B0688679787,Producto Computers&Accessories 282,Computers&Accessories,800.0,1778.0,55.0,4.0,2358.0
B0732258417,Producto Electronics 283,Electronics,662.0,1142.0,42.0,3.9,8992.0
B0412472872,Producto Computers&Accessories 284,Computers&Accessories,1469.0,2408.0,39.0,4.2,6294.0
B0790988807,Producto Electronics 285,Electronics,2757.0,3996.0,31.0,3.7,8114.0
B0492249247,Producto Computers&Accessories 286,Computers&Accessories,1169.0,2541.0,54.0,3.8,1528.0
B0874412317,Producto Computers&Accessories 287,Computers&Accessories,926.0,2012.0,54.0,4.1,1307.0
B0975287853,Producto Electronics 288,Electronics,787.0,1109.0,29.0,3.9,920.0
B0333481691,Producto Computers&Accessories 289,Computers&Accessories,951.0,1698.0,44.0,3.7,11534.0
B0233610344,Producto Electronics 290,Electronics,5218.0,10436.0,50.0,4.2,13107.0
B0157095519,Producto Electronics 291,Electronics,1815.0,3946.0,54.0,3.9,9613.0
B0893256920,Producto Home&Kitchen 292,Home&Kitchen,236.0,621.0,62.0,3.8,1049.0
B0463064801,Producto Computers&Accessories 293,Computers&Accessories,1985.0,3202.0,38.0,3.9,8208.0
B0386050620,Producto Electronics 294,Electronics,6627.0,10519.0,37.0,3.7,837.0
B0196408972,Producto Computers&Accessories 295,Computers&Accessories,1135.0,2702.0,58.0,4.0,66.0
B0885742936,Producto Home&Kitchen 296,Home&Kitchen,296.0,1097.0,73.0,4.0,3854.0
B0347065318,Producto Electronics 297,Electronics,4384.0,7970.0,45.0,3.9,3588.0
B0432480637,Producto Computers&Accessories 298,Computers&Accessories,551.0,1378.0,60.0,3.9,13648.0
B0251161404,Producto Electronics 299,Electronics,3768.0,6610.0,43.0,4.3,1720.0
B0486450859,Producto Electronics 300,Electronics,1370.0,2076.0,34.0,4.1,20242.0
B0845874416,Producto Computers&Accessories 301,Computers&Accessories,670.0,1488.0,55.0,3.6,4703.0
B0903497149,Producto Computers&Accessories 302,Computers&Accessories,1608.0,3574.0,55.0,4.3,5115.0
B0721489784,Producto Home&Kitchen 303,Home&Kitchen,1336.0,2905.0,54.0,4.2,4810.0
B0203241131,Producto Home&Kitchen 304,Home&Kitchen,738.0,1153.0,36.0,4.1,1075.0
B0241384239,Producto Health&PersonalCare 305,Health&PersonalCare,513.0,1140.0,55.0,4.3,4125.0
B0849165769,Producto Computers&Accessories 306,Computers&Accessories,1701.0,2744.0,38.0,4.0,5186.0
B0368225594,Producto Electronics 307,Electronics,387.0,1681.0,77.0,4.3,14636.0
B0145384376,Producto Home&Kitchen 308,Home&Kitchen,405.0,900.0,55.0,3.9,3266.0
B0365488606,Producto Electronics 309,Electronics,2390.0,4878.0,51.0,4.3,6398.0
B0434456299,Producto Computers&Accessories 310,Computers&Accessories,2230.0,5186.0,57.0,4.1,9900.0
B0297960714,Producto Electronics 311,Electronics,4884.0,6691.0,27.0,3.6,1980.0
B0992550844,Producto Electronics 312,Electronics,3041.0,6757.0,55.0,4.3,12720.0
B0117948981,Producto Car&Motorbike 313,Car&Motorbike,190.0,359.0,47.0,4.0,7236.0
B0530007283,Producto MusicalInstruments 314,MusicalInstruments,2090.0,4179.0,50.0,3.9,8763.0
B0101817324,Producto Home&Kitchen 315,Home&Kitchen,1188.0,2014.0,41.0,3.9,412.0
B0546657569,Producto Computers&Accessories 316,Computers&Accessories,1303.0,2555.0,49.0,3.9,3347.0
B0384976122,Producto Electronics 317,Electronics,4407.0,5310.0,17.0,4.0,1661.0
B0333491795,Producto Electronics 318,Electronics,269.0,585.0,54.0,3.8,301.0
B0292794246,Producto Electronics 319,Electronics,93.0,233.0,60.0,3.6,8717.0
B0595663584,Producto Computers&Accessories 320,Computers&Accessories,1083.0,2519.0,57.0,3.7,718.0
B0412056381,Producto Home&Kitchen 321,Home&Kitchen,547.0,1190.0,54.0,4.1,14644.0
B0407450680,Producto Home&Kitchen 322,Home&Kitchen,712.0,1047.0,32.0,3.9,3483.0
B0472535010,Producto Electronics 323,Electronics,1909.0,4545.0,58.0,4.4,9009.0
B0401713404,Producto Car&Motorbike 324,Car&Motorbike,682.0,1450.0,53.0,4.0,2631.0
B0541286475,Producto Home&Kitchen 325,Home&Kitchen,396.0,1583.0,75.0,4.3,15059.0
B0715793796,Producto Computers&Accessories 326,Computers&Accessories,2788.0,3872.0,28.0,3.8,3044.0
B0406035531,Producto Computers&Accessories 327,Computers&Accessories,981.0,1344.0,27.0,3.8,5014.0
B0632448220,Producto Computers&Accessories 328,Computers&Accessories,1475.0,2681.0,45.0,4.0,10743.0
B0270830242,Producto Electronics 329,Electronics,907.0,1929.0,53.0,4.0,8266.0
B0333260836,Producto Computers&Accessories 330,Computers&Accessories,99.0,282.0,65.0,4.0,3679.0
B0813768379,Producto Home&Kitchen 331,Home&Kitchen,315.0,985.0,68.0,3.8,4627.0
B0904347584,Producto Electronics 332,Electronics,4724.0,6846.0,31.0,3.5,5865.0
B0992125071,Producto Electronics 333,Electronics,1078.0,1563.0,31.0,4.2,3239.0
B0382470429,Producto Electronics 334,Electronics,2603.0,4566.0,43.0,4.2,4827.0
B0713423048,Producto Electronics 335,Electronics,4428.0,6236.0,29.0,3.8,4350.0
B0937126441,Producto OfficeProducts 336,OfficeProducts,651.0,1122.0,42.0,4.1,2471.0
B0542541116,Producto Home&Kitchen 337,Home&Kitchen,447.0,721.0,38.0,3.9,3573.0
B0611601097,Producto Computers&Accessories 338,Computers&Accessories,665.0,1109.0,40.0,4.3,5716.0
B0763416780,Producto Electronics 339,Electronics,2159.0,3427.0,37.0,3.6,3812.0
B0394652861,Producto Computers&Accessories 340,Computers&Accessories,1753.0,2541.0,31.0,3.9,4039.0
B0858419795,Producto Computers&Accessories 341,Computers&Accessories,1287.0,3300.0,61.0,4.0,3662.0
B0230301788,Producto Electronics 342,Electronics,2501.0,5321.0,53.0,4.1,6189.0
B0820480703,Producto Computers&Accessories 343,Computers&Accessories,6278.0,10126.0,38.0,4.4,13645.0
B0290873528,Producto Computers&Accessories 344,Computers&Accessories,2028.0,5482.0,63.0,4.0,4895.0
B0174135363,Producto Computers&Accessories 345,Computers&Accessories,1174.0,1565.0,25.0,4.2,4677.0
B0127833645,Producto Home&Kitchen 346,Home&Kitchen,1563.0,4597.0,66.0,4.0,4945.0
B0208968816,Producto Electronics 347,Electronics,386.0,1206.0,68.0,4.4,17582.0
B0225303323,Producto Computers&Accessories 348,Computers&Accessories,494.0,838.0,41.0,4.2,3651.0
B0407993060,Producto Computers&Accessories 349,Computers&Accessories,2425.0,3619.0,33.0,3.9,1461.0
B0291207032,Producto Computers&Accessories 350,Computers&Accessories,695.0,1696.0,59.0,3.9,8559.0
B0484977410,Producto OfficeProducts 351,OfficeProducts,1143.0,1759.0,35.0,4.1,3099.0
B0985474852,Producto Home&Kitchen 352,Home&Kitchen,1009.0,1940.0,48.0,3.8,6982.0
B0886193327,Producto Electronics 353,Electronics,1197.0,3068.0,61.0,4.1,3439.0
B0848010130,Producto Electronics 354,Electronics,2102.0,2880.0,27.0,3.9,1036.0
B0271349842,Producto Home&Kitchen 355,Home&Kitchen,420.0,1049.0,60.0,4.2,5412.0
B0317227024,Producto Electronics 356,Electronics,266.0,337.0,21.0,3.9,608.0
B0236671697,Producto Computers&Accessories 357,Computers&Accessories,465.0,948.0,51.0,3.8,5459.0
B0578665169,Producto Toys&Games 358,Toys&Games,271.0,424.0,36.0,4.3,9051.0
B0319963256,Producto Computers&Accessories 359,Computers&Accessories,1966.0,4369.0,55.0,4.1,20195.0
B0888803158,Producto Computers&Accessories 360,Computers&Accessories,770.0,1283.0,40.0,4.0,2543.0
B0723224136,Producto Home&Kitchen 361,Home&Kitchen,876.0,1652.0,47.0,4.1,2242.0
B0460780329,Producto Computers&Accessories 362,Computers&Accessories,830.0,1805.0,54.0,3.6,7528.0
B0663810076,Producto Computers&Accessories 363,Computers&Accessories,573.0,955.0,40.0,4.6,10051.0
B0253799745,Producto Toys&Games 364,Toys&Games,578.0,917.0,37.0,4.0,7729.0
B0692838267,Producto Computers&Accessories 365,Computers&Accessories,822.0,2054.0,60.0,3.5,15592.0
B0449838992,Producto Car&Motorbike 366,Car&Motorbike,1252.0,2608.0,52.0,4.4,5820.0
B0266057976,Producto HomeImprovement 367,HomeImprovement,455.0,722.0,37.0,3.8,16730.0
B0527826807,Producto Electronics 368,Electronics,901.0,1916.0,53.0,4.3,3998.0
B0687987052,Producto Electronics 369,Electronics,4122.0,5974.0,31.0,4.0,1942.0
B0669986462,Producto Electronics 370,Electronics,1616.0,2886.0,44.0,3.6,1653.0
B0253923675,Producto Electronics 371,Electronics,3857.0,6323.0,39.0,4.1,1898.0
B0540353770,Producto Electronics 372,Electronics,1463.0,2120.0,31.0,4.0,15525.0
B0114414191,Producto Home&Kitchen 373,Home&Kitchen,754.0,1396.0,46.0,4.3,13118.0
B0429900851,Producto Electronics 374,Electronics,1409.0,1985.0,29.0,4.1,14876.0
B0594674342,Producto Electronics 375,Electronics,532.0,1613.0,67.0,3.7,435.0
B0113132347,Producto MusicalInstruments 376,MusicalInstruments,148.0,198.0,25.0,4.2,922.0
B0984288349,Producto Electronics 377,Electronics,2972.0,9007.0,67.0,4.0,4077.0
B0266696175,Producto Home&Kitchen 378,Home&Kitchen,582.0,832.0,30.0,4.5,3027.0
B0798372530,Producto Electronics 379,Electronics,1838.0,4838.0,62.0,4.0,6361.0
B0249747923,Producto Electronics 380,Electronics,2275.0,2917.0,22.0,3.9,3300.0
B0489072481,Producto Home&Kitchen 381,Home&Kitchen,1690.0,2770.0,39.0,3.8,1251.0
B0437992205,Producto Computers&Accessories 382,Computers&Accessories,109.0,351.0,69.0,3.9,3024.0
B0542730201,Producto OfficeProducts 383,OfficeProducts,164.0,779.0,79.0,3.9,4511.0
B0126555561,Producto Home&Kitchen 384,Home&Kitchen,1112.0,2138.0,48.0,4.3,1461.0
B0661297202,Producto Home&Kitchen 385,Home&Kitchen,601.0,1307.0,54.0,3.7,3687.0
B0860064874,Producto Electronics 386,Electronics,790.0,1756.0,55.0,4.3,1694.0
B0575322577,Producto Electronics 387,Electronics,426.0,591.0,28.0,4.2,3469.0
B0753338879,Producto Home&Kitchen 388,Home&Kitchen,412.0,723.0,43.0,4.4,2065.0
B0338118570,Producto Home&Kitchen 389,Home&Kitchen,76.0,151.0,50.0,4.0,9783.0
B0748405064,Producto Health&PersonalCare 390,Health&PersonalCare,715.0,841.0,15.0,3.7,3698.0
B0737181267,Producto Computers&Accessories 391,Computers&Accessories,1411.0,2940.0,52.0,4.0,6642.0
B0104178236,Producto Computers&Accessories 392,Computers&Accessories,2751.0,3768.0,27.0,4.1,6741.0
B0458497897,Producto Home&Kitchen 393,Home&Kitchen,390.0,541.0,28.0,4.0,5419.0
B0774669149,Producto Electronics 394,Electronics,812.0,1231.0,34.0,4.1,8676.0
B0274826046,Producto Toys&Games 395,Toys&Games,473.0,1101.0,57.0,4.4,6820.0
B0220489113,Producto OfficeProducts 396,OfficeProducts,638.0,952.0,33.0,4.1,7183.0
B0287804926,Producto Computers&Accessories 397,Computers&Accessories,124.0,311.0,60.0,4.1,7332.0
B0107572830,Producto Home&Kitchen 398,Home&Kitchen,304.0,692.0,56.0,3.5,5118.0
B0210103074,Producto Home&Kitchen 399,Home&Kitchen,1260.0,3500.0,64.0,3.8,844.0
B0615451714,Producto Electronics 400,Electronics,3698.0,5778.0,36.0,3.9,1305.0
B0103566375,Producto HomeImprovement 401,HomeImprovement,481.0,816.0,41.0,3.4,3768.0
B0217654268,Producto Computers&Accessories 402,Computers&Accessories,458.0,674.0,32.0,3.7,1533.0
B0829372805,Producto Home&Kitchen 403,Home&Kitchen,365.0,529.0,31.0,3.9,3339.0
B0316509568,Producto Electronics 404,Electronics,655.0,2341.0,72.0,4.1,3557.0
B0820830899,Producto OfficeProducts 405,OfficeProducts,91.0,171.0,47.0,4.2,3085.0
B0266523237,Producto Computers&Accessories 406,Computers&Accessories,3209.0,4719.0,32.0,3.9,3740.0
B0417238177,Producto Electronics 407,Electronics,4971.0,7101.0,30.0,4.0,2867.0
B0980659314,Producto HomeImprovement 408,HomeImprovement,204.0,335.0,39.0,3.9,11183.0
B0733006331,Producto Electronics 409,Electronics,4286.0,10990.0,61.0,4.1,1096.0
B0409805190,Producto Electronics 410,Electronics,706.0,2277.0,69.0,4.2,9710.0
B0420302922,Producto Car&Motorbike 411,Car&Motorbike,301.0,1255.0,76.0,4.5,13735.0
B0446771978,Producto Car&Motorbike 412,Car&Motorbike,295.0,844.0,65.0,3.9,15201.0
B0787579939,Producto Computers&Accessories 413,Computers&Accessories,452.0,766.0,41.0,4.0,4460.0
B0372951955,Producto Home&Kitchen 414,Home&Kitchen,261.0,931.0,72.0,4.3,11195.0
B0350022206,Producto Computers&Accessories 415,Computers&Accessories,111.0,318.0,65.0,3.7,12880.0
B0539693391,Producto Electronics 416,Electronics,1024.0,2498.0,59.0,4.6,3683.0
B0186584510,Producto Electronics 417,Electronics,1084.0,3098.0,65.0,4.4,7098.0
B0684918468,Producto Home&Kitchen 418,Home&Kitchen,936.0,1485.0,37.0,3.5,2501.0
B0362765597,Producto Home&Kitchen 419,Home&Kitchen,98.0,273.0,64.0,4.2,10144.0
B0598985373,Producto Home&Kitchen 420,Home&Kitchen,70.0,293.0,76.0,3.9,1219.0
B0634376294,Producto Home&Kitchen 421,Home&Kitchen,1020.0,1436.0,29.0,3.9,9350.0
B0990401135,Producto Electronics 422,Electronics,694.0,1120.0,38.0,4.1,5336.0
B0912637924,Producto Computers&Accessories 423,Computers&Accessories,717.0,1749.0,59.0,4.3,4599.0
B0968115424,Producto Electronics 424,Electronics,5178.0,7614.0,32.0,3.8,3427.0
B0947286867,Producto Computers&Accessories 425,Computers&Accessories,256.0,639.0,60.0,3.9,10750.0
B0371719925,Producto Computers&Accessories 426,Computers&Accessories,537.0,976.0,45.0,4.1,7043.0
B0318324629,Producto OfficeProducts 427,OfficeProducts,493.0,1297.0,62.0,4.2,5618.0
B0954280040,Producto Computers&Accessories 428,Computers&Accessories,142.0,308.0,54.0,3.8,3607.0
B0284634361,Producto Electronics 429,Electronics,1727.0,2831.0,39.0,4.5,4513.0
B0320891836,Producto Electronics 430,Electronics,1409.0,4145.0,66.0,3.9,8601.0
B0315675924,Producto Home&Kitchen 431,Home&Kitchen,1193.0,2339.0,49.0,4.3,4070.0
B0443668981,Producto Computers&Accessories 432,Computers&Accessories,476.0,1441.0,67.0,4.2,9446.0
B0958257690,Producto Electronics 433,Electronics,543.0,1005.0,46.0,4.2,2022.0
B0771287909,Producto Electronics 434,Electronics,1758.0,3995.0,56.0,3.9,2290.0
B0995732642,Producto Home&Kitchen 435,Home&Kitchen,900.0,1526.0,41.0,3.5,3138.0
B0582237221,Producto Electronics 436,Electronics,5565.0,10305.0,46.0,4.0,3662.0
B0514275815,Producto Home&Kitchen 437,Home&Kitchen,531.0,931.0,43.0,4.0,2246.0
B0917289531,Producto Home&Kitchen 438,Home&Kitchen,555.0,1541.0,64.0,3.8,1422.0
B0685415493,Producto Electronics 439,Electronics,2146.0,3022.0,29.0,4.2,1800.0
B0881182751,Producto Electronics 440,Electronics,836.0,1130.0,26.0,4.0,11250.0
B0526356047,Producto Health&PersonalCare 441,Health&PersonalCare,406.0,606.0,33.0,3.8,1802.0
B0723679451,Producto Computers&Accessories 442,Computers&Accessories,1963.0,4268.0,54.0,4.2,5523.0
B0829675727,Producto Computers&Accessories 443,Computers&Accessories,1549.0,3296.0,53.0,4.2,2732.0
B0279974554,Producto Home&Kitchen 444,Home&Kitchen,282.0,671.0,58.0,3.8,3390.0
B0333107842,Producto Toys&Games 445,Toys&Games,169.0,604.0,72.0,4.4,13772.0
B0229099476,Producto Health&PersonalCare 446,Health&PersonalCare,728.0,1120.0,35.0,4.6,4198.0
B0620837477,Producto Home&Kitchen 447,Home&Kitchen,418.0,951.0,56.0,3.7,3029.0
B0255792381,Producto Computers&Accessories 448,Computers&Accessories,1652.0,4588.0,64.0,4.0,2910.0
B0732654437,Producto Electronics 449,Electronics,1247.0,2833.0,56.0,4.1,15494.0
B0970988573,Producto Home&Kitchen 450,Home&Kitchen,776.0,1124.0,31.0,4.6,3621.0
B0124762389,Producto Computers&Accessories 451,Computers&Accessories,1539.0,4159.0,63.0,3.9,4921.0
B0405340434,Producto Computers&Accessories 452,Computers&Accessories,3340.0,7106.0,53.0,3.8,708.0
B0983592478,Producto HomeImprovement 453,HomeImprovement,519.0,824.0,37.0,3.7,8219.0
B0343302675,Producto Electronics 454,Electronics,620.0,2383.0,74.0,4.4,4425.0
B0652653458,Producto Computers&Accessories 455,Computers&Accessories,756.0,1095.0,31.0,3.8,11009.0
B0577637505,Producto Electronics 456,Electronics,1198.0,1516.0,21.0,3.7,2660.0
B0256529318,Producto Computers&Accessories 457,Computers&Accessories,628.0,1163.0,46.0,4.1,7399.0
B0600437594,Producto Electronics 458,Electronics,1088.0,2133.0,49.0,4.1,3360.0
B0460840263,Producto Electronics 459,Electronics,3703.0,6070.0,39.0,4.3,1154.0
B0450234549,Producto Electronics 460,Electronics,2279.0,4848.0,53.0,4.1,7045.0
B0537388058,Producto Home&Kitchen 461,Home&Kitchen,1081.0,2079.0,48.0,4.1,6642.0
B0594286158,Producto Home&Kitchen 462,Home&Kitchen,945.0,2054.0,54.0,4.0,174.0
B0946075630,Producto Computers&Accessories 463,Computers&Accessories,3614.0,4633.0,22.0,3.6,573.0
B0875520845,Producto Car&Motorbike 464,Car&Motorbike,245.0,645.0,62.0,4.0,12153.0
B0290828742,Producto Computers&Accessories 465,Computers&Accessories,1149.0,2444.0,53.0,4.1,3213.0
B0399137040,Producto Electronics 466,Electronics,300.0,639.0,53.0,3.9,7935.0
B0308900313,Producto OfficeProducts 467,OfficeProducts,99.0,129.0,23.0,3.5,11499.0
B0860013540,Producto Electronics 468,Electronics,868.0,3617.0,76.0,3.8,7732.0
B0675684435,Producto Car&Motorbike 469,Car&Motorbike,686.0,1124.0,39.0,4.0,3957.0
B0269955977,Producto Electronics 470,Electronics,2764.0,3412.0,19.0,4.2,1674.0
B0482658706,Producto Car&Motorbike 471,Car&Motorbike,542.0,1937.0,72.0,4.6,9504.0
B0809501597,Producto Electronics 472,Electronics,5554.0,8678.0,36.0,3.9,5301.0
B0646719133,Producto OfficeProducts 473,OfficeProducts,234.0,668.0,65.0,3.9,5347.0
B0736826264,Producto Computers&Accessories 474,Computers&Accessories,880.0,1834.0,52.0,3.9,8115.0
B0755827799,Producto Health&PersonalCare 475,Health&PersonalCare,106.0,272.0,61.0,3.8,1265.0
B0840684670,Producto Electronics 476,Electronics,3373.0,6133.0,45.0,4.2,5209.0
B0819097793,Producto Computers&Accessories 477,Computers&Accessories,563.0,1223.0,54.0,4.6,6139.0
B0399911013,Producto Car&Motorbike 478,Car&Motorbike,609.0,999.0,39.0,3.8,2068.0
B0557696418,Producto Computers&Accessories 479,Computers&Accessories,2462.0,3282.0,25.0,3.6,3859.0
B0454240306,Producto Computers&Accessories 480,Computers&Accessories,1173.0,2213.0,47.0,4.3,1247.0
B0204224868,Producto Home&Kitchen 481,Home&Kitchen,471.0,1273.0,63.0,4.1,2436.0
B0189473350,Producto Computers&Accessories 482,Computers&Accessories,493.0,986.0,50.0,4.1,3467.0
B0296737350,Producto Computers&Accessories 483,Computers&Accessories,1683.0,2672.0,37.0,4.4,4010.0
B0862080410,Producto Computers&Accessories 484,Computers&Accessories,4550.0,7983.0,43.0,3.6,4998.0
B0887413001,Producto HomeImprovement 485,HomeImprovement,86.0,297.0,71.0,3.7,7492.0
B0118026678,Producto Electronics 486,Electronics,839.0,1216.0,31.0,3.9,1527.0
B0704426694,Producto Electronics 487,Electronics,2894.0,5788.0,50.0,4.0,14961.0
B0907663237,Producto Car&Motorbike 488,Car&Motorbike,493.0,1493.0,67.0,4.0,7373.0
B0746868997,Producto OfficeProducts 489,OfficeProducts,711.0,1654.0,57.0,4.7,27174.0
B0117440076,Producto Computers&Accessories 490,Computers&Accessories,905.0,1104.0,18.0,3.9,8329.0
B0811987119,Producto Computers&Accessories 491,Computers&Accessories,2945.0,3875.0,24.0,3.8,1766.0
B0355458561,Producto Electronics 492,Electronics,2010.0,4276.0,53.0,4.1,1197.0
B0853914066,Producto Electronics 493,Electronics,690.0,1437.0,52.0,4.3,925.0
B0642089266,Producto Computers&Accessories 494,Computers&Accessories,847.0,1227.0,31.0,3.8,157.0
B0368756412,Producto Computers&Accessories 495,Computers&Accessories,1539.0,2108.0,27.0,3.9,4090.0
B0953024402,Producto Computers&Accessories 496,Computers&Accessories,314.0,982.0,68.0,4.3,3312.0
B0150340849,Producto Electronics 497,Electronics,1792.0,7166.0,75.0,4.4,11498.0
B0627987064,Producto Health&PersonalCare 498,Health&PersonalCare,394.0,839.0,53.0,4.1,2775.0
B0454278015,Producto Health&PersonalCare 499,Health&PersonalCare,207.0,334.0,38.0,4.7,2376.0
B0946259250,Producto Home&Kitchen 500,Home&Kitchen,375.0,1102.0,66.0,4.6,11075.0
B0709943705,Producto Computers&Accessories 501,Computers&Accessories,2126.0,4011.0,47.0,3.6,17192.0
B0874152773,Producto Electronics 502,Electronics,1805.0,3167.0,43.0,3.5,9009.0
B0337358389,Producto Home&Kitchen 503,Home&Kitchen,2116.0,4318.0,51.0,4.3,8546.0
B0105397902,Producto Home&Kitchen 504,Home&Kitchen,1114.0,1827.0,39.0,4.4,12585.0
B0889252315,Producto Electronics 505,Electronics,967.0,1639.0,41.0,3.9,5788.0
B0340583626,Producto HomeImprovement 506,HomeImprovement,208.0,385.0,46.0,3.9,7739.0
B0783713159,Producto Home&Kitchen 507,Home&Kitchen,1342.0,2580.0,48.0,3.8,6295.0
B0944528184,Producto Toys&Games 508,Toys&Games,434.0,523.0,17.0,3.6,5376.0
B0177939633,Producto Home&Kitchen 509,Home&Kitchen,653.0,1390.0,53.0,4.4,3003.0
B0103666608,Producto Computers&Accessories 510,Computers&Accessories,1478.0,2111.0,30.0,3.9,8473.0
B0445520242,Producto Computers&Accessories 511,Computers&Accessories,323.0,539.0,40.0,4.1,1171.0
B0946992882,Producto Toys&Games 512,Toys&Games,86.0,191.0,55.0,3.5,4206.0
B0909141719,Producto OfficeProducts 513,OfficeProducts,398.0,1530.0,74.0,4.4,6792.0
B0397863167,Producto Electronics 514,Electronics,1955.0,2573.0,24.0,4.1,50.0
B0326229488,Producto Electronics 515,Electronics,1183.0,2465.0,52.0,3.7,2368.0
B0540168570,Producto Computers&Accessories 516,Computers&Accessories,4211.0,7656.0,45.0,4.1,7019.0
B0284300323,Producto Home&Kitchen 517,Home&Kitchen,1174.0,2445.0,52.0,4.0,2845.0
B0990178374,Producto Health&PersonalCare 518,Health&PersonalCare,495.0,1413.0,65.0,3.9,15247.0
B0296564036,Producto Electronics 519,Electronics,3600.0,7826.0,54.0,3.2,3733.0
B0738335801,Producto Computers&Accessories 520,Computers&Accessories,1731.0,3683.0,53.0,3.8,3321.0
B0605286718,Producto Computers&Accessories 521,Computers&Accessories,5199.0,5713.0,9.0,4.0,6601.0
B0765707228,Producto Car&Motorbike 522,Car&Motorbike,454.0,648.0,30.0,3.8,2203.0
B0764824847,Producto MusicalInstruments 523,MusicalInstruments,717.0,1156.0,38.0,3.9,1152.0
B0543239813,Producto MusicalInstruments 524,MusicalInstruments,340.0,641.0,47.0,4.4,8802.0
B0246152013,Producto Computers&Accessories 525,Computers&Accessories,249.0,346.0,28.0,3.9,804.0
B0241919865,Producto Computers&Accessories 526,Computers&Accessories,1597.0,2281.0,30.0,3.4,1644.0
B0211907763,Producto Electronics 527,Electronics,393.0,742.0,47.0,4.0,4628.0
B0520642049,Producto Electronics 528,Electronics,672.0,1179.0,43.0,4.0,3284.0
B0682916312,Producto OfficeProducts 529,OfficeProducts,319.0,560.0,43.0,3.8,29167.0
B0273982174,Producto Home&Kitchen 530,Home&Kitchen,85.0,100.0,15.0,4.1,4610.0
B0684197233,Producto Health&PersonalCare 531,Health&PersonalCare,283.0,471.0,40.0,3.6,3020.0
B0386052209,Producto Health&PersonalCare 532,Health&PersonalCare,405.0,506.0,20.0,3.9,1654.0
B0998430924,Producto Computers&Accessories 533,Computers&Accessories,4252.0,7331.0,42.0,3.6,4663.0
B0799530897,Producto Home&Kitchen 534,Home&Kitchen,912.0,1471.0,38.0,3.9,9671.0
B0823772368,Producto Toys&Games 535,Toys&Games,526.0,822.0,36.0,4.2,597.0
B0303120876,Producto MusicalInstruments 536,MusicalInstruments,4935.0,6854.0,28.0,3.9,4536.0
B0664750811,Producto Electronics 537,Electronics,744.0,2757.0,73.0,4.0,4820.0
B0661582027,Producto Computers&Accessories 538,Computers&Accessories,1397.0,2409.0,42.0,4.0,8130.0
B0521803938,Producto Electronics 539,Electronics,4396.0,6561.0,33.0,4.0,4005.0
B0991388501,Producto Car&Motorbike 540,Car&Motorbike,403.0,660.0,39.0,4.2,6816.0
B0202459046,Producto Computers&Accessories 541,Computers&Accessories,3132.0,4121.0,24.0,4.2,15738.0
B0646957440,Producto Electronics 542,Electronics,488.0,920.0,47.0,4.4,10651.0
B0162286333,Producto Home&Kitchen 543,Home&Kitchen,1433.0,2018.0,29.0,4.0,2773.0
B0607666596,Producto Computers&Accessories 544,Computers&Accessories,2770.0,3378.0,18.0,3.5,844.0
B0650533376,Producto Computers&Accessories 545,Computers&Accessories,1071.0,1508.0,29.0,4.2,3422.0
B0958794975,Producto Electronics 546,Electronics,1070.0,2891.0,63.0,4.4,2256.0
B0454353721,Producto Home&Kitchen 547,Home&Kitchen,2970.0,3667.0,19.0,4.6,4760.0
B0625470976,Producto Computers&Accessories 548,Computers&Accessories,1551.0,1915.0,19.0,4.4,4367.0
B0103391628,Producto Home&Kitchen 549,Home&Kitchen,1679.0,1845.0,9.0,3.8,447.0
B0647381933,Producto Computers&Accessories 550,Computers&Accessories,1171.0,2168.0,46.0,4.1,5134.0
B0717898670,Producto OfficeProducts 551,OfficeProducts,289.0,380.0,24.0,3.9,10644.0
B0686550480,Producto Computers&Accessories 552,Computers&Accessories,1071.0,1260.0,15.0,3.8,2890.0
B0624241611,Producto Computers&Accessories 553,Computers&Accessories,863.0,2785.0,69.0,4.0,3749.0
B0171465982,Producto OfficeProducts 554,OfficeProducts,525.0,1695.0,69.0,4.4,12255.0
B0444985094,Producto Computers&Accessories 555,Computers&Accessories,220.0,612.0,64.0,3.6,3702.0
B0106670326,Producto Electronics 556,Electronics,5762.0,9294.0,38.0,3.7,3250.0
B0935896370,Producto Electronics 557,Electronics,3846.0,5269.0,27.0,4.3,9957.0
B0666244610,Producto Home&Kitchen 558,Home&Kitchen,600.0,1034.0,42.0,4.4,1986.0
B0108620209,Producto Computers&Accessories 559,Computers&Accessories,1811.0,2663.0,32.0,3.8,7219.0
B0669078681,Producto Home&Kitchen 560,Home&Kitchen,1463.0,1951.0,25.0,4.4,707.0
B0625842974,Producto Electronics 561,Electronics,842.0,1238.0,32.0,4.3,19837.0
B0581254755,Producto Electronics 562,Electronics,1297.0,2947.0,56.0,4.0,1954.0
B0932316733,Producto Electronics 563,Electronics,1538.0,3343.0,54.0,3.4,3772.0
B0589662105,Producto Computers&Accessories 564,Computers&Accessories,175.0,407.0,57.0,3.6,11572.0
B0549790315,Producto Computers&Accessories 565,Computers&Accessories,1052.0,3758.0,72.0,3.9,937.0
B0154932534,Producto Computers&Accessories 566,Computers&Accessories,990.0,1237.0,20.0,4.2,2159.0
B0231972251,Producto Computers&Accessories 567,Computers&Accessories,767.0,1300.0,41.0,4.2,9177.0
B0260246352,Producto HomeImprovement 568,HomeImprovement,609.0,937.0,35.0,3.9,360.0
B0935612325,Producto Electronics 569,Electronics,1620.0,4629.0,65.0,4.0,8149.0
B0843999470,Producto Computers&Accessories 570,Computers&Accessories,2357.0,2741.0,14.0,3.9,3791.0
B0491813661,Producto Home&Kitchen 571,Home&Kitchen,895.0,1297.0,31.0,3.9,742.0
B0513948225,Producto Computers&Accessories 572,Computers&Accessories,1920.0,2666.0,28.0,4.0,16341.0
B0831568775,Producto Computers&Accessories 573,Computers&Accessories,350.0,1128.0,69.0,4.1,5925.0
B0365663844,Producto OfficeProducts 574,OfficeProducts,225.0,751.0,70.0,3.6,3169.0
B0686053090,Producto Toys&Games 575,Toys&Games,792.0,1116.0,29.0,3.9,1004.0
B0432087913,Producto Electronics 576,Electronics,1208.0,2047.0,41.0,4.0,1484.0
B0393368166,Producto Toys&Games 577,Toys&Games,306.0,766.0,60.0,4.3,24407.0
B0956937789,Producto Computers&Accessories 578,Computers&Accessories,2583.0,3150.0,18.0,3.7,2916.0
B0306695498,Producto Electronics 579,Electronics,998.0,3119.0,68.0,4.1,14037.0
B0543729854,Producto Computers&Accessories 580,Computers&Accessories,469.0,652.0,28.0,4.1,2136.0
B0209696590,Producto Health&PersonalCare 581,Health&PersonalCare,842.0,1256.0,33.0,3.9,13551.0
B0757785025,Producto Computers&Accessories 582,Computers&Accessories,2076.0,4614.0,55.0,3.5,2261.0
B0491127012,Producto Electronics 583,Electronics,1294.0,3317.0,61.0,4.3,1943.0
B0735130218,Producto Home&Kitchen 584,Home&Kitchen,1313.0,3455.0,62.0,4.3,8769.0
B0455992671,Producto Electronics 585,Electronics,4575.0,5199.0,12.0,4.0,483.0
B0360584487,Producto Electronics 586,Electronics,2091.0,2826.0,26.0,4.0,411.0
B0579910655,Producto Electronics 587,Electronics,1582.0,1840.0,14.0,3.4,6971.0
B0545192588,Producto Electronics 588,Electronics,734.0,1244.0,41.0,4.2,2103.0
B0971660560,Producto Electronics 589,Electronics,1889.0,2952.0,36.0,4.4,8226.0
B0148153102,Producto Electronics 590,Electronics,1007.0,1549.0,35.0,3.7,14371.0
B0499206304,Producto Home&Kitchen 591,Home&Kitchen,251.0,627.0,60.0,4.4,6468.0
B0189218034,Producto Electronics 592,Electronics,1157.0,4287.0,73.0,4.4,11432.0
B0169063439,Producto Electronics 593,Electronics,380.0,928.0,59.0,3.7,494.0
B0801988338,Producto OfficeProducts 594,OfficeProducts,52.0,134.0,61.0,3.9,1986.0
B0823958284,Producto Computers&Accessories 595,Computers&Accessories,742.0,2250.0,67.0,3.7,17004.0
B0607221717,Producto Home&Kitchen 596,Home&Kitchen,1127.0,1910.0,41.0,4.0,2985.0
B0762437526,Producto Electronics 597,Electronics,2563.0,4497.0,43.0,4.1,978.0
B0212227370,Producto Electronics 598,Electronics,291.0,692.0,58.0,3.7,6790.0
B0344842417,Producto Electronics 599,Electronics,835.0,1816.0,54.0,4.1,14554.0
B0973712241,Producto Electronics 600,Electronics,927.0,2016.0,54.0,4.2,3236.0
B0211458121,Producto Electronics 601,Electronics,304.0,742.0,59.0,4.2,8849.0
B0439074640,Producto Electronics 602,Electronics,991.0,3418.0,71.0,4.2,13332.0
B0112314973,Producto Electronics 603,Electronics,2742.0,3917.0,30.0,3.6,2516.0
B0252628876,Producto Electronics 604,Electronics,1635.0,2868.0,43.0,4.0,3112.0
B0764034333,Producto Computers&Accessories 605,Computers&Accessories,328.0,455.0,28.0,4.1,15743.0
B0368531128,Producto Electronics 606,Electronics,5993.0,11525.0,48.0,4.4,1330.0
B0987116781,Producto Computers&Accessories 607,Computers&Accessories,383.0,1035.0,63.0,4.1,6261.0
B0745434822,Producto Computers&Accessories 608,Computers&Accessories,2305.0,4043.0,43.0,4.1,4116.0
B0124956681,Producto Home&Kitchen 609,Home&Kitchen,1301.0,3174.0,59.0,3.8,4115.0
B0555650241,Producto Electronics 610,Electronics,1674.0,2392.0,30.0,3.7,6534.0
B0119398749,Producto Home&Kitchen 611,Home&Kitchen,980.0,1689.0,42.0,3.6,5830.0
B0141971410,Producto Computers&Accessories 612,Computers&Accessories,184.0,593.0,69.0,4.0,7242.0
B0953036326,Producto Electronics 613,Electronics,1608.0,2474.0,35.0,4.6,614.0
B0229736228,Producto OfficeProducts 614,OfficeProducts,766.0,923.0,17.0,3.8,1028.0
B0400141442,Producto Toys&Games 615,Toys&Games,507.0,756.0,33.0,4.1,3161.0
B0681714008,Producto Electronics 616,Electronics,2264.0,5522.0,59.0,4.2,6116.0
B0875858942,Producto Electronics 617,Electronics,1616.0,2244.0,28.0,3.7,11229.0
B0962672889,Producto Home&Kitchen 618,Home&Kitchen,1067.0,2426.0,56.0,3.9,5006.0
B0506100181,Producto Home&Kitchen 619,Home&Kitchen,230.0,536.0,57.0,4.2,10815.0
B0515172005,Producto Electronics 620,Electronics,2638.0,4548.0,42.0,4.1,4224.0
B0858600205,Producto Electronics 621,Electronics,1052.0,2062.0,49.0,3.5,6484.0
B0465729983,Producto Computers&Accessories 622,Computers&Accessories,208.0,385.0,46.0,4.2,4973.0
B0464332838,Producto Computers&Accessories 623,Computers&Accessories,2522.0,3408.0,26.0,3.8,945.0
B0129551285,Producto Computers&Accessories 624,Computers&Accessories,489.0,1112.0,56.0,3.9,7701.0
B0381893505,Producto Computers&Accessories 625,Computers&Accessories,398.0,830.0,52.0,4.1,7490.0
B0239084330,Producto Computers&Accessories 626,Computers&Accessories,2743.0,4730.0,42.0,4.4,904.0
B0950734772,Producto Home&Kitchen 627,Home&Kitchen,1825.0,2225.0,18.0,3.9,2825.0
B0199010946,Producto Electronics 628,Electronics,1006.0,1274.0,21.0,4.3,3553.0
B0665122521,Producto Electronics 629,Electronics,560.0,1098.0,49.0,3.6,1998.0
B0357189471,Producto Home&Kitchen 630,Home&Kitchen,487.0,855.0,43.0,4.0,1188.0
B0668901834,Producto OfficeProducts 631,OfficeProducts,99.0,235.0,58.0,3.9,5894.0
B0104955121,Producto Computers&Accessories 632,Computers&Accessories,2121.0,5438.0,61.0,4.1,18183.0
B0144613440,Producto Computers&Accessories 633,Computers&Accessories,161.0,358.0,55.0,4.0,8673.0
B0469946446,Producto Electronics 634,Electronics,4405.0,10488.0,58.0,3.7,611.0
B0697261187,Producto Computers&Accessories 635,Computers&Accessories,1217.0,2765.0,56.0,3.8,14023.0
B0106960219,Producto Computers&Accessories 636,Computers&Accessories,1948.0,3142.0,38.0,3.5,8781.0
B0754979849,Producto Electronics 637,Electronics,1843.0,3613.0,49.0,3.7,2258.0
B0687423562,Producto Electronics 638,Electronics,410.0,684.0,40.0,4.1,694.0
B0773343665,Producto Computers&Accessories 639,Computers&Accessories,2332.0,3643.0,36.0,3.9,2275.0
B0738690966,Producto Electronics 640,Electronics,1847.0,3420.0,46.0,4.1,3027.0
B0330261564,Producto Electronics 641,Electronics,854.0,1424.0,40.0,4.5,939.0
B0861164334,Producto Electronics 642,Electronics,4886.0,6980.0,30.0,3.9,4303.0
B0693304578,Producto Electronics 643,Electronics,2317.0,6621.0,65.0,4.2,2497.0
B0281880806,Producto Electronics 644,Electronics,2801.0,7003.0,60.0,4.1,1248.0
B0378356070,Producto OfficeProducts 645,OfficeProducts,646.0,1267.0,49.0,4.8,5051.0
B0320493072,Producto Computers&Accessories 646,Computers&Accessories,1053.0,1333.0,21.0,3.1,6502.0
B0495879957,Producto Home&Kitchen 647,Home&Kitchen,610.0,1849.0,67.0,3.9,10748.0
B0397259123,Producto Home&Kitchen 648,Home&Kitchen,1161.0,2580.0,55.0,4.2,7792.0
B0848343287,Producto Computers&Accessories 649,Computers&Accessories,1836.0,3992.0,54.0,3.8,2518.0
B0944005263,Producto Electronics 650,Electronics,52.0,187.0,72.0,4.2,1123.0
B0472498535,Producto Computers&Accessories 651,Computers&Accessories,1376.0,1965.0,30.0,4.0,1049.0
B0556784130,Producto Computers&Accessories 652,Computers&Accessories,532.0,1132.0,53.0,4.3,10944.0
B0499177011,Producto Home&Kitchen 653,Home&Kitchen,1294.0,3235.0,60.0,3.7,1835.0
B0199609966,Producto Computers&Accessories 654,Computers&Accessories,1074.0,1988.0,46.0,4.1,5263.0
B0471766176,Producto Electronics 655,Electronics,2512.0,4651.0,46.0,4.1,6858.0
B0583011369,Producto Electronics 656,Electronics,1196.0,3857.0,69.0,4.1,752.0
B0625146753,Producto Computers&Accessories 657,Computers&Accessories,1707.0,5021.0,66.0,4.1,5571.0
B0444579070,Producto Home&Kitchen 658,Home&Kitchen,1627.0,3968.0,59.0,4.4,8327.0
B0781508141,Producto Computers&Accessories 659,Computers&Accessories,967.0,2148.0,55.0,3.6,15617.0
B0579597103,Producto Computers&Accessories 660,Computers&Accessories,1601.0,2502.0,36.0,4.0,4414.0
B0167586074,Producto Health&PersonalCare 661,Health&PersonalCare,989.0,1252.0,21.0,3.6,5080.0
B0881974011,Producto Computers&Accessories 662,Computers&Accessories,518.0,751.0,31.0,4.2,2449.0
B0619900524,Producto Electronics 663,Electronics,780.0,1344.0,42.0,3.8,8887.0
B0656859752,Producto Electronics 664,Electronics,846.0,1922.0,56.0,3.3,712.0
B0898731909,Producto Electronics 665,Electronics,3796.0,5751.0,34.0,4.2,6481.0
B0574157559,Producto Electronics 666,Electronics,950.0,3517.0,73.0,4.0,6588.0
B0572295352,Producto Electronics 667,Electronics,1105.0,1939.0,43.0,4.1,11990.0
B0708803403,Producto Electronics 668,Electronics,2314.0,7714.0,70.0,4.5,10362.0
B0171796765,Producto Electronics 669,Electronics,549.0,752.0,27.0,4.1,3005.0
B0286922422,Producto Electronics 670,Electronics,1134.0,1859.0,39.0,4.0,9493.0
B0141708883,Producto OfficeProducts 671,OfficeProducts,508.0,591.0,14.0,3.9,4097.0
B0418490749,Producto Electronics 672,Electronics,7807.0,10550.0,26.0,3.6,930.0
B0108152629,Producto Computers&Accessories 673,Computers&Accessories,429.0,1192.0,64.0,4.0,4513.0
B0632176666,Producto Computers&Accessories 674,Computers&Accessories,1635.0,3084.0,47.0,4.6,1656.0
B0887732307,Producto Health&PersonalCare 675,Health&PersonalCare,337.0,443.0,24.0,3.9,4417.0
B0302341597,Producto Electronics 676,Electronics,524.0,1114.0,53.0,4.0,7113.0
B0307677255,Producto Computers&Accessories 677,Computers&Accessories,1856.0,3042.0,39.0,4.3,16760.0
B0945168641,Producto Car&Motorbike 678,Car&Motorbike,513.0,986.0,48.0,3.6,3078.0
B0595077261,Producto OfficeProducts 679,OfficeProducts,382.0,429.0,11.0,4.1,2108.0
B0356770441,Producto Home&Kitchen 680,Home&Kitchen,295.0,355.0,17.0,3.5,355.0
B0671986447,Producto Electronics 681,Electronics,2653.0,3537.0,25.0,4.1,3053.0
B0959204915,Producto Electronics 682,Electronics,5829.0,8968.0,35.0,4.0,2948.0
B0362202308,Producto Home&Kitchen 683,Home&Kitchen,328.0,745.0,56.0,4.2,5885.0
B0349933747,Producto Toys&Games 684,Toys&Games,112.0,273.0,59.0,3.8,3315.0
B0568902558,Producto Computers&Accessories 685,Computers&Accessories,202.0,388.0,48.0,3.9,3145.0
B0164475108,Producto Computers&Accessories 686,Computers&Accessories,193.0,344.0,44.0,4.2,5205.0
B0637124179,Producto Electronics 687,Electronics,2080.0,3014.0,31.0,3.8,3044.0
B0258007190,Producto Home&Kitchen 688,Home&Kitchen,1070.0,1337.0,20.0,4.2,2556.0
B0390265439,Producto Electronics 689,Electronics,1875.0,4464.0,58.0,4.1,3719.0
B0380337193,Producto Electronics 690,Electronics,1843.0,3123.0,41.0,3.9,17381.0
B0536205776,Producto Computers&Accessories 691,Computers&Accessories,1127.0,2398.0,53.0,3.9,3118.0
B0650851517,Producto Computers&Accessories 692,Computers&Accessories,3279.0,5558.0,41.0,4.0,3347.0
B0113691084,Producto Electronics 693,Electronics,4083.0,7704.0,47.0,4.0,477.0
B0606972784,Producto Electronics 694,Electronics,5510.0,7446.0,26.0,4.2,8995.0
B0887351217,Producto Computers&Accessories 695,Computers&Accessories,2218.0,4185.0,47.0,3.9,116.0
B0303485904,Producto Electronics 696,Electronics,1918.0,5329.0,64.0,3.9,1723.0
B0883745659,Producto Computers&Accessories 697,Computers&Accessories,311.0,457.0,32.0,4.2,6716.0
B0366589198,Producto Electronics 698,Electronics,1376.0,2809.0,51.0,3.9,387.0
B0485936811,Producto Computers&Accessories 699,Computers&Accessories,1666.0,2563.0,35.0,3.8,1746.0
B0515652315,Producto Computers&Accessories 700,Computers&Accessories,791.0,976.0,19.0,3.3,2085.0
B0441129513,Producto Electronics 701,Electronics,6241.0,9907.0,37.0,3.7,3058.0
B0294867756,Producto Electronics 702,Electronics,1023.0,2558.0,60.0,3.8,2186.0
B0356287837,Producto Electronics 703,Electronics,189.0,653.0,71.0,3.9,10205.0
B0322062698,Producto Electronics 704,Electronics,1509.0,2434.0,38.0,3.8,7406.0
B0827563682,Producto Health&PersonalCare 705,Health&PersonalCare,402.0,681.0,41.0,4.3,8007.0
B0175570453,Producto Electronics 706,Electronics,688.0,1563.0,56.0,3.8,2708.0
B0296849791,Producto Home&Kitchen 707,Home&Kitchen,626.0,1118.0,44.0,3.8,4470.0
B0540350665,Producto Electronics 708,Electronics,314.0,669.0,53.0,4.1,2696.0
B0104921802,Producto Home&Kitchen 709,Home&Kitchen,409.0,871.0,53.0,3.7,22154.0
B0700113189,Producto Home&Kitchen 710,Home&Kitchen,949.0,1265.0,25.0,4.4,5529.0
B0239175520,Producto Computers&Accessories 711,Computers&Accessories,701.0,1946.0,64.0,4.3,3752.0
B0723014085,Producto Computers&Accessories 712,Computers&Accessories,1691.0,3677.0,54.0,3.7,19408.0
B0460943295,Producto Computers&Accessories 713,Computers&Accessories,245.0,874.0,72.0,4.4,4759.0
B0509954310,Producto Electronics 714,Electronics,1696.0,4349.0,61.0,4.4,7909.0
B0914174197,Producto Toys&Games 715,Toys&Games,735.0,1131.0,35.0,3.7,6539.0
B0216620843,Producto MusicalInstruments 716,MusicalInstruments,496.0,1377.0,64.0,3.7,2542.0
B0749194827,Producto Car&Motorbike 717,Car&Motorbike,239.0,582.0,59.0,3.9,2496.0
B0125453062,Producto Electronics 718,Electronics,7468.0,9958.0,25.0,3.6,6284.0
B0802179521,Producto Home&Kitchen 719,Home&Kitchen,697.0,981.0,29.0,3.8,6405.0
B0140380731,Producto Toys&Games 720,Toys&Games,821.0,1013.0,19.0,3.8,5581.0
B0389477632,Producto Electronics 721,Electronics,2647.0,4644.0,43.0,4.1,6788.0
B0286595670,Producto Electronics 722,Electronics,598.0,867.0,31.0,4.0,16151.0
B0464299281,Producto Home&Kitchen 723,Home&Kitchen,570.0,1461.0,61.0,4.0,5393.0
B0565965675,Producto Computers&Accessories 724,Computers&Accessories,703.0,2342.0,70.0,3.9,2205.0
B0730587014,Producto MusicalInstruments 725,MusicalInstruments,4498.0,7496.0,40.0,3.6,848.0
B0734684786,Producto Electronics 726,Electronics,2211.0,3747.0,41.0,4.2,3146.0
B0952593461,Producto Home&Kitchen 727,Home&Kitchen,1375.0,2149.0,36.0,4.1,12262.0
B0750477122,Producto Electronics 728,Electronics,2240.0,5894.0,62.0,3.9,7026.0
B0722956124,Producto Electronics 729,Electronics,1208.0,2684.0,55.0,3.7,1719.0
B0680357769,Producto Electronics 730,Electronics,7365.0,12483.0,41.0,4.4,12061.0
B0162779068,Producto Home&Kitchen 731,Home&Kitchen,282.0,655.0,57.0,4.1,1305.0
B0115242810,Producto Home&Kitchen 732,Home&Kitchen,72.0,248.0,71.0,4.2,2085.0
B0635926458,Producto Computers&Accessories 733,Computers&Accessories,743.0,1402.0,47.0,4.1,5107.0
B0587162090,Producto Computers&Accessories 734,Computers&Accessories,139.0,332.0,58.0,3.7,13881.0
B0602139972,Producto OfficeProducts 735,OfficeProducts,166.0,370.0,55.0,4.5,8685.0
B0227869374,Producto Computers&Accessories 736,Computers&Accessories,606.0,2090.0,71.0,4.0,1953.0
B0187667297,Producto Home&Kitchen 737,Home&Kitchen,695.0,1510.0,54.0,4.3,2360.0
B0117817607,Producto Computers&Accessories 738,Computers&Accessories,874.0,1533.0,43.0,4.4,6304.0
B0598069965,Producto Computers&Accessories 739,Computers&Accessories,630.0,1146.0,45.0,4.0,798.0
B0332932327,Producto Computers&Accessories 740,Computers&Accessories,1206.0,1386.0,13.0,3.6,488.0
B0936388150,Producto Electronics 741,Electronics,2766.0,4940.0,44.0,3.3,2266.0
B0314409349,Producto Home&Kitchen 742,Home&Kitchen,323.0,490.0,34.0,4.0,6746.0
B0806423168,Producto Computers&Accessories 743,Computers&Accessories,461.0,1152.0,60.0,4.1,9851.0
B0184336695,Producto Electronics 744,Electronics,1619.0,4260.0,62.0,3.9,5333.0
B0255342183,Producto OfficeProducts 745,OfficeProducts,302.0,719.0,58.0,4.1,10960.0
B0539293898,Producto Computers&Accessories 746,Computers&Accessories,156.0,389.0,60.0,4.2,20208.0
B0184683889,Producto Computers&Accessories 747,Computers&Accessories,2865.0,4276.0,33.0,4.3,2641.0
B0917556587,Producto HomeImprovement 748,HomeImprovement,326.0,680.0,52.0,4.0,801.0
B0573556467,Producto Computers&Accessories 749,Computers&Accessories,612.0,728.0,16.0,3.9,1959.0
B0522722070,Producto Electronics 750,Electronics,517.0,907.0,43.0,4.0,1539.0
B0830128527,Producto Toys&Games 751,Toys&Games,622.0,1554.0,60.0,4.1,7975.0
B0766294927,Producto Computers&Accessories 752,Computers&Accessories,47.0,187.0,75.0,3.9,1423.0
B0961758059,Producto Electronics 753,Electronics,3263.0,4532.0,28.0,3.8,2988.0
B0160417886,Producto Electronics 754,Electronics,3740.0,6033.0,38.0,3.9,1385.0
B0131398334,Producto Home&Kitchen 755,Home&Kitchen,237.0,910.0,74.0,4.1,4415.0
B0863799524,Producto Computers&Accessories 756,Computers&Accessories,2925.0,5850.0,50.0,3.8,4051.0
B0157910656,Producto Computers&Accessories 757,Computers&Accessories,353.0,861.0,59.0,3.9,8115.0
B0958393449,Producto OfficeProducts 758,OfficeProducts,570.0,983.0,42.0,4.5,5258.0
B0175366232,Producto Home&Kitchen 759,Home&Kitchen,463.0,1362.0,66.0,4.3,3340.0
B0160101246,Producto Electronics 760,Electronics,5595.0,10172.0,45.0,3.7,7286.0
B0606391956,Producto Electronics 761,Electronics,2553.0,2659.0,4.0,4.2,2827.0
B0930757474,Producto Electronics 762,Electronics,3917.0,4555.0,14.0,4.1,1854.0
B0934879141,Producto Home&Kitchen 763,Home&Kitchen,718.0,1355.0,47.0,4.0,7763.0
B0281896004,Producto Electronics 764,Electronics,548.0,741.0,26.0,3.8,3874.0
B0128770032,Producto Computers&Accessories 765,Computers&Accessories,1076.0,1856.0,42.0,3.8,6185.0
B0904775473,Producto Home&Kitchen 766,Home&Kitchen,273.0,759.0,64.0,4.1,13974.0
B0934663179,Producto OfficeProducts 767,OfficeProducts,269.0,726.0,63.0,3.8,1319.0
B0513934404,Producto Electronics 768,Electronics,2402.0,4620.0,48.0,4.3,28600.0
B0783387389,Producto Home&Kitchen 769,Home&Kitchen,1831.0,3051.0,40.0,4.4,7393.0
B0598744392,Producto Electronics 770,Electronics,127.0,211.0,40.0,4.0,1089.0
B0915049515,Producto MusicalInstruments 771,MusicalInstruments,825.0,2501.0,67.0,4.4,18242.0
B0906705715,Producto Electronics 772,Electronics,441.0,981.0,55.0,3.9,2209.0
B0947507720,Producto Computers&Accessories 773,Computers&Accessories,1550.0,3101.0,50.0,3.8,15243.0
B0391716322,Producto Home&Kitchen 774,Home&Kitchen,2773.0,4865.0,43.0,4.3,1506.0
B0675411392,Producto Electronics 775,Electronics,508.0,2539.0,80.0,4.5,7002.0
B0592408558,Producto Electronics 776,Electronics,942.0,1682.0,44.0,4.6,11329.0
B0709146889,Producto Home&Kitchen 777,Home&Kitchen,550.0,846.0,35.0,4.1,7240.0
B0233329197,Producto Home&Kitchen 778,Home&Kitchen,317.0,373.0,15.0,4.2,4469.0
B0877301350,Producto Home&Kitchen 779,Home&Kitchen,58.0,100.0,42.0,4.1,10234.0
B0274847929,Producto Home&Kitchen 780,Home&Kitchen,1276.0,1519.0,16.0,4.3,2241.0
B0769303588,Producto Computers&Accessories 781,Computers&Accessories,1186.0,2010.0,41.0,4.1,10594.0
B0960193843,Producto Electronics 782,Electronics,999.0,1723.0,42.0,4.2,2390.0
B0766121967,Producto Electronics 783,Electronics,589.0,1228.0,52.0,3.7,13532.0
B0177294160,Producto Electronics 784,Electronics,3780.0,6000.0,37.0,3.9,2143.0
B0714940671,Producto HomeImprovement 785,HomeImprovement,1661.0,2307.0,28.0,4.2,826.0
B0664667781,Producto Computers&Accessories 786,Computers&Accessories,922.0,2304.0,60.0,4.3,10453.0
B0228546745,Producto Computers&Accessories 787,Computers&Accessories,115.0,205.0,44.0,4.3,5867.0
B0394752612,Producto Computers&Accessories 788,Computers&Accessories,1006.0,1796.0,44.0,4.0,5951.0
B0656498735,Producto Toys&Games 789,Toys&Games,529.0,961.0,45.0,3.8,2878.0
B0337759391,Producto Electronics 790,Electronics,1442.0,2622.0,45.0,4.0,6798.0
B0693702992,Producto Computers&Accessories 791,Computers&Accessories,828.0,1799.0,54.0,4.0,15030.0
B0283835908,Producto Computers&Accessories 792,Computers&Accessories,758.0,1148.0,34.0,4.1,5344.0
B0381200645,Producto Computers&Accessories 793,Computers&Accessories,851.0,1669.0,49.0,3.8,642.0
B0821883357,Producto Electronics 794,Electronics,3904.0,6400.0,39.0,3.9,3908.0
B0390973588,Producto OfficeProducts 795,OfficeProducts,409.0,771.0,47.0,4.0,6632.0
B0921124905,Producto Toys&Games 796,Toys&Games,211.0,470.0,55.0,3.4,12368.0
B0700337488,Producto Computers&Accessories 797,Computers&Accessories,1167.0,1643.0,29.0,4.2,7455.0
B0293062810,Producto Home&Kitchen 798,Home&Kitchen,2202.0,3059.0,28.0,4.0,1541.0
B0423019266,Producto Toys&Games 799,Toys&Games,152.0,282.0,46.0,4.1,4459.0
B0292782556,Producto Home&Kitchen 800,Home&Kitchen,368.0,695.0,47.0,3.9,8283.0
B0794909276,Producto Electronics 801,Electronics,1667.0,2874.0,42.0,4.2,7400.0
B0229466595,Producto Computers&Accessories 802,Computers&Accessories,557.0,1237.0,55.0,3.8,7294.0
B0748759585,Producto Computers&Accessories 803,Computers&Accessories,1924.0,4934.0,61.0,3.9,1040.0
B0975398075,Producto Computers&Accessories 804,Computers&Accessories,3051.0,4068.0,25.0,4.1,6421.0
B0609986265,Producto Home&Kitchen 805,Home&Kitchen,709.0,1058.0,33.0,4.1,4991.0
B0420251136,Producto Toys&Games 806,Toys&Games,1217.0,2765.0,56.0,3.7,7664.0
B0412313786,Producto Toys&Games 807,Toys&Games,303.0,917.0,67.0,4.5,8001.0
B0130623225,Producto Computers&Accessories 808,Computers&Accessories,3250.0,5603.0,42.0,3.8,3362.0
B0592450179,Producto Electronics 809,Electronics,5709.0,8396.0,32.0,3.9,8817.0
B0880388966,Producto Health&PersonalCare 810,Health&PersonalCare,373.0,678.0,45.0,4.5,8381.0
B0467623565,Producto MusicalInstruments 811,MusicalInstruments,341.0,874.0,61.0,3.5,1038.0
B0180177517,Producto Electronics 812,Electronics,1916.0,3483.0,45.0,3.5,3756.0
B0699321233,Producto Toys&Games 813,Toys&Games,255.0,404.0,37.0,4.1,3099.0
B0379959841,Producto OfficeProducts 814,OfficeProducts,558.0,979.0,43.0,3.3,1874.0
B0495263744,Producto Computers&Accessories 815,Computers&Accessories,1573.0,2712.0,42.0,3.4,4781.0
B0568892980,Producto Computers&Accessories 816,Computers&Accessories,1178.0,2455.0,52.0,4.4,6713.0
B0605978133,Producto Computers&Accessories 817,Computers&Accessories,1811.0,3622.0,50.0,3.9,6725.0
B0492958140,Producto Electronics 818,Electronics,1806.0,4201.0,57.0,4.7,14861.0
B0467281329,Producto Electronics 819,Electronics,868.0,3100.0,72.0,3.8,4770.0
B0702764187,Producto Home&Kitchen 820,Home&Kitchen,270.0,403.0,33.0,3.9,7674.0
B0176065142,Producto Electronics 821,Electronics,1174.0,1956.0,40.0,4.2,2483.0
B0121980757,Producto Electronics 822,Electronics,742.0,1349.0,45.0,4.1,11768.0
B0327443447,Producto Computers&Accessories 823,Computers&Accessories,2835.0,3780.0,25.0,3.9,1961.0
B0508058072,Producto Computers&Accessories 824,Computers&Accessories,718.0,1840.0,61.0,3.9,1536.0
B0104281385,Producto HomeImprovement 825,HomeImprovement,851.0,1182.0,28.0,4.0,5031.0
B0723956161,Producto Electronics 826,Electronics,561.0,2243.0,75.0,4.5,7094.0
B0530363974,Producto Electronics 827,Electronics,2553.0,7092.0,64.0,4.3,6580.0
B0128915060,Producto Home&Kitchen 828,Home&Kitchen,1479.0,1921.0,23.0,3.8,818.0
B0194086608,Producto Computers&Accessories 829,Computers&Accessories,1550.0,2246.0,31.0,3.7,921.0
B0626061843,Producto Electronics 830,Electronics,1919.0,3199.0,40.0,3.8,2683.0
B0306057835,Producto Computers&Accessories 831,Computers&Accessories,532.0,1023.0,48.0,3.7,7041.0
B0915536902,Producto Electronics 832,Electronics,1176.0,1994.0,41.0,4.0,3137.0
B0226114271,Producto Electronics 833,Electronics,193.0,742.0,74.0,4.3,1951.0
B0456803019,Producto Computers&Accessories 834,Computers&Accessories,2663.0,3248.0,18.0,3.9,7648.0
B0115555848,Producto Computers&Accessories 835,Computers&Accessories,1522.0,3458.0,56.0,4.5,1744.0
B0456997658,Producto HomeImprovement 836,HomeImprovement,565.0,1711.0,67.0,4.6,7953.0
B0595528909,Producto Computers&Accessories 837,Computers&Accessories,636.0,896.0,29.0,4.1,7006.0
B0266051201,Producto Computers&Accessories 838,Computers&Accessories,2038.0,5362.0,62.0,4.3,4004.0
B0652425556,Producto Home&Kitchen 839,Home&Kitchen,363.0,955.0,62.0,3.8,8515.0
B0244627003,Producto Electronics 840,Electronics,2576.0,4770.0,46.0,3.9,13832.0
B0738609650,Producto Home&Kitchen 841,Home&Kitchen,288.0,395.0,27.0,4.3,7255.0
B0778665684,Producto Electronics 842,Electronics,3594.0,7335.0,51.0,3.9,4173.0
B0707132848,Producto Car&Motorbike 843,Car&Motorbike,1191.0,2018.0,41.0,4.4,5530.0
B0656600449,Producto Electronics 844,Electronics,1422.0,2634.0,46.0,4.3,266.0
B0903541648,Producto Computers&Accessories 845,Computers&Accessories,410.0,1414.0,71.0,4.3,3765.0
B0695391570,Producto Electronics 846,Electronics,2275.0,5290.0,57.0,3.7,247.0
B0575112807,Producto Health&PersonalCare 847,Health&PersonalCare,791.0,1098.0,28.0,3.9,1352.0
B0791808343,Producto Computers&Accessories 848,Computers&Accessories,504.0,1029.0,51.0,4.2,5199.0
B0508360907,Producto Computers&Accessories 849,Computers&Accessories,560.0,1930.0,71.0,3.8,6663.0
B0976112856,Producto Electronics 850,Electronics,1360.0,2194.0,38.0,3.9,6070.0
B0114506454,Producto Home&Kitchen 851,Home&Kitchen,1814.0,2834.0,36.0,4.2,17894.0
B0955492081,Producto Electronics 852,Electronics,1169.0,2016.0,42.0,3.8,678.0
B0382508794,Producto OfficeProducts 853,OfficeProducts,142.0,219.0,35.0,3.8,1335.0
B0903904865,Producto Electronics 854,Electronics,2292.0,5458.0,58.0,3.5,4868.0
B0157629087,Producto Electronics 855,Electronics,3161.0,8105.0,61.0,3.9,9545.0
B0269327666,Producto Electronics 856,Electronics,1624.0,5238.0,69.0,4.3,3246.0
B0206186327,Producto Computers&Accessories 857,Computers&Accessories,2211.0,4335.0,49.0,3.8,4878.0
B0837758270,Producto Computers&Accessories 858,Computers&Accessories,3963.0,7339.0,46.0,4.0,5997.0
B0377902424,Producto Electronics 859,Electronics,4704.0,10227.0,54.0,4.0,16980.0
B0280000444,Producto Home&Kitchen 860,Home&Kitchen,1623.0,3864.0,58.0,3.9,1013.0
B0719752637,Producto Computers&Accessories 861,Computers&Accessories,915.0,1386.0,34.0,4.2,6549.0
B0671478616,Producto Computers&Accessories 862,Computers&Accessories,2063.0,3438.0,40.0,4.5,10559.0
B0574312027,Producto Computers&Accessories 863,Computers&Accessories,1293.0,2351.0,45.0,4.3,8447.0
B0787900491,Producto Computers&Accessories 864,Computers&Accessories,1230.0,2320.0,47.0,3.8,11226.0
B0591054255,Producto Computers&Accessories 865,Computers&Accessories,2096.0,4460.0,53.0,4.6,1864.0
B0221260807,Producto Electronics 866,Electronics,1935.0,4962.0,61.0,4.3,221.0
B0525618308,Producto Electronics 867,Electronics,2184.0,3165.0,31.0,3.8,8961.0
B0653545610,Producto OfficeProducts 868,OfficeProducts,69.0,383.0,82.0,3.9,4067.0
B0798363433,Producto Toys&Games 869,Toys&Games,573.0,1123.0,49.0,4.3,4989.0
B0691917538,Producto Computers&Accessories 870,Computers&Accessories,1413.0,1835.0,23.0,4.0,3573.0
B0338220406,Producto Electronics 871,Electronics,4907.0,7112.0,31.0,3.7,3630.0
B0428859816,Producto Home&Kitchen 872,Home&Kitchen,914.0,2611.0,65.0,4.0,11549.0
B0706199403,Producto Computers&Accessories 873,Computers&Accessories,1964.0,2806.0,30.0,3.9,5225.0
B0829720805,Producto Electronics 874,Electronics,718.0,1330.0,46.0,3.8,792.0
B0689523090,Producto Electronics 875,Electronics,674.0,2408.0,72.0,4.4,6318.0
B0230612911,Producto Home&Kitchen 876,Home&Kitchen,953.0,3970.0,76.0,4.3,8934.0
B0946003636,Producto Home&Kitchen 877,Home&Kitchen,548.0,1828.0,70.0,4.3,10303.0
B0730251958,Producto Electronics 878,Electronics,3962.0,8086.0,51.0,4.3,4695.0
B0250449340,Producto Electronics 879,Electronics,667.0,1389.0,52.0,3.8,2454.0
B0535744927,Producto Electronics 880,Electronics,9186.0,19137.0,52.0,3.9,10176.0
B0651015213,Producto Home&Kitchen 881,Home&Kitchen,157.0,235.0,33.0,4.4,3181.0
B0720961627,Producto Electronics 882,Electronics,2661.0,4927.0,46.0,4.0,7748.0
B0838213795,Producto Electronics 883,Electronics,340.0,558.0,39.0,3.6,7123.0
B0690195089,Producto Home&Kitchen 884,Home&Kitchen,1440.0,2667.0,46.0,4.1,5885.0
B0867480393,Producto Electronics 885,Electronics,1240.0,1653.0,25.0,4.1,1850.0
B0381240415,Producto Home&Kitchen 886,Home&Kitchen,878.0,1111.0,21.0,4.1,5154.0
B0295646481,Producto Electronics 887,Electronics,1920.0,4266.0,55.0,3.8,3419.0
B0622018955,Producto Electronics 888,Electronics,2926.0,5852.0,50.0,4.6,32004.0
B0620519904,Producto Electronics 889,Electronics,1753.0,2922.0,40.0,3.6,6873.0
B0389907245,Producto Home&Kitchen 890,Home&Kitchen,778.0,1467.0,47.0,4.0,8880.0
B0196901558,Producto OfficeProducts 891,OfficeProducts,430.0,827.0,48.0,4.5,14657.0
B0119662373,Producto MusicalInstruments 892,MusicalInstruments,1536.0,2648.0,42.0,4.2,301.0
B0734123981,Producto Computers&Accessories 893,Computers&Accessories,1190.0,1803.0,34.0,4.2,3974.0
B0683016833,Producto Home&Kitchen 894,Home&Kitchen,460.0,837.0,45.0,3.7,9192.0
B0213123848,Producto Electronics 895,Electronics,2322.0,4300.0,46.0,4.1,2689.0
B0989746684,Producto Electronics 896,Electronics,2265.0,4195.0,46.0,4.0,686.0
B0402067588,Producto OfficeProducts 897,OfficeProducts,57.0,378.0,85.0,3.8,6491.0
B0223999329,Producto Electronics 898,Electronics,1998.0,2895.0,31.0,4.2,1600.0
B0130206738,Producto Electronics 899,Electronics,356.0,565.0,37.0,3.8,1618.0
B0845360454,Producto Electronics 900,Electronics,1635.0,2772.0,41.0,3.8,3290.0
B0301161254,Producto Electronics 901,Electronics,352.0,587.0,40.0,4.1,1121.0
B0223912080,Producto Electronics 902,Electronics,1524.0,2275.0,33.0,3.9,2995.0
B0528814782,Producto Computers&Accessories 903,Computers&Accessories,343.0,837.0,59.0,4.1,6784.0
B0583503193,Producto Computers&Accessories 904,Computers&Accessories,605.0,1081.0,44.0,4.0,19162.0
B0242577069,Producto OfficeProducts 905,OfficeProducts,1322.0,1653.0,20.0,4.3,2357.0
B0450433386,Producto Home&Kitchen 906,Home&Kitchen,374.0,440.0,15.0,3.7,2274.0
B0118679259,Producto Electronics 907,Electronics,1542.0,2447.0,37.0,3.9,6459.0
B0341575365,Producto Electronics 908,Electronics,3967.0,4266.0,7.0,4.1,2020.0
B0770753671,Producto Computers&Accessories 909,Computers&Accessories,166.0,268.0,38.0,3.7,1874.0
B0100714335,Producto Computers&Accessories 910,Computers&Accessories,1480.0,1850.0,20.0,3.7,6841.0
B0556028050,Producto Electronics 911,Electronics,3345.0,3982.0,16.0,4.0,10279.0
B0911095165,Producto Computers&Accessories 912,Computers&Accessories,271.0,796.0,66.0,4.3,4465.0
B0990070162,Producto Computers&Accessories 913,Computers&Accessories,305.0,525.0,42.0,4.3,2575.0
B0890604055,Producto Computers&Accessories 914,Computers&Accessories,2857.0,3616.0,21.0,4.0,1453.0
B0249205943,Producto Computers&Accessories 915,Computers&Accessories,216.0,281.0,23.0,3.8,5296.0
B0848046032,Producto Electronics 916,Electronics,966.0,2416.0,60.0,4.1,14789.0
B0932047095,Producto Toys&Games 917,Toys&Games,148.0,250.0,41.0,4.2,6666.0
B0417300855,Producto Home&Kitchen 918,Home&Kitchen,81.0,100.0,19.0,4.0,5711.0
B0729149457,Producto Electronics 919,Electronics,5675.0,7183.0,21.0,4.3,8836.0
B0730809896,Producto OfficeProducts 920,OfficeProducts,314.0,1084.0,71.0,3.8,17357.0
B0394869935,Producto Computers&Accessories 921,Computers&Accessories,3276.0,4748.0,31.0,3.8,5003.0
B0560930129,Producto OfficeProducts 922,OfficeProducts,518.0,740.0,30.0,4.3,2945.0
B0232395455,Producto Home&Kitchen 923,Home&Kitchen,238.0,418.0,43.0,3.6,6581.0
B0699742351,Producto Computers&Accessories 924,Computers&Accessories,509.0,1377.0,63.0,3.9,12629.0
B0899704783,Producto Electronics 925,Electronics,398.0,797.0,50.0,3.8,3326.0
B0154047715,Producto Electronics 926,Electronics,1687.0,2677.0,37.0,3.6,194.0
B0963889302,Producto Computers&Accessories 927,Computers&Accessories,2360.0,4290.0,45.0,4.0,2944.0
B0405712597,Producto Home&Kitchen 928,Home&Kitchen,466.0,832.0,44.0,4.2,3376.0
B0827295398,Producto Electronics 929,Electronics,3186.0,4306.0,26.0,4.0,3317.0
B0843771680,Producto Electronics 930,Electronics,3042.0,4056.0,25.0,4.2,5965.0
B0411770135,Producto MusicalInstruments 931,MusicalInstruments,417.0,772.0,46.0,4.3,9103.0
B0127922230,Producto Health&PersonalCare 932,Health&PersonalCare,76.0,158.0,52.0,3.9,3365.0
B0773040060,Producto Computers&Accessories 933,Computers&Accessories,2540.0,3342.0,24.0,4.7,7766.0
B0224098643,Producto Electronics 934,Electronics,1291.0,1519.0,15.0,3.8,4174.0
B0275286496,Producto Electronics 935,Electronics,3228.0,4483.0,28.0,3.9,5203.0
B0819376350,Producto Electronics 936,Electronics,344.0,1495.0,77.0,3.9,2625.0
B0524648359,Producto HomeImprovement 937,HomeImprovement,369.0,542.0,32.0,4.1,7611.0
B0297726393,Producto Electronics 938,Electronics,3046.0,4415.0,31.0,3.9,4330.0
B0394189430,Producto Computers&Accessories 939,Computers&Accessories,859.0,1790.0,52.0,4.0,4564.0
B0283197767,Producto Electronics 940,Electronics,2007.0,2509.0,20.0,3.9,1591.0
B0218222921,Producto Computers&Accessories 941,Computers&Accessories,504.0,854.0,41.0,3.9,2925.0
B0901896320,Producto Home&Kitchen 942,Home&Kitchen,697.0,1366.0,49.0,4.1,10305.0
B0944526932,Producto Home&Kitchen 943,Home&Kitchen,346.0,597.0,42.0,3.9,6622.0
B0942418328,Producto Electronics 944,Electronics,1556.0,4864.0,68.0,4.0,3130.0
B0706570591,Producto Electronics 945,Electronics,766.0,1392.0,45.0,4.3,5862.0
B0378772156,Producto Electronics 946,Electronics,820.0,2486.0,67.0,4.0,8538.0
B0305811373,Producto HomeImprovement 947,HomeImprovement,931.0,1478.0,37.0,4.1,2600.0
B0693398893,Producto OfficeProducts 948,OfficeProducts,591.0,832.0,29.0,3.7,5891.0
B0711706313,Producto Computers&Accessories 949,Computers&Accessories,1567.0,2749.0,43.0,3.9,455.0
B0725953595,Producto Computers&Accessories 950,Computers&Accessories,950.0,1863.0,49.0,3.7,7329.0
B0107961650,Producto Home&Kitchen 951,Home&Kitchen,163.0,418.0,61.0,4.6,12038.0
B0570627068,Producto Electronics 952,Electronics,3877.0,5965.0,35.0,4.4,6233.0
B0607195375,Producto HomeImprovement 953,HomeImprovement,617.0,979.0,37.0,4.2,3713.0
B0698328392,Producto Computers&Accessories 954,Computers&Accessories,370.0,1194.0,69.0,4.7,3098.0
B0389583315,Producto Computers&Accessories 955,Computers&Accessories,755.0,1110.0,32.0,4.2,4465.0
B0679108271,Producto Computers&Accessories 956,Computers&Accessories,2925.0,5850.0,50.0,4.0,6922.0
B0570133927,Producto Electronics 957,Electronics,1443.0,2830.0,49.0,4.1,9220.0
B0648215558,Producto Electronics 958,Electronics,633.0,867.0,27.0,4.3,2041.0
B0838126154,Producto Home&Kitchen 959,Home&Kitchen,1933.0,2762.0,30.0,3.7,2241.0
B0182147045,Producto Electronics 960,Electronics,1807.0,2476.0,27.0,3.6,2112.0
B0424907758,Producto Computers&Accessories 961,Computers&Accessories,616.0,1258.0,51.0,4.1,897.0
B0603008398,Producto Electronics 962,Electronics,786.0,1210.0,35.0,3.8,9391.0
B0982286149,Producto Computers&Accessories 963,Computers&Accessories,678.0,2118.0,68.0,3.4,11204.0
B0222738108,Producto Electronics 964,Electronics,2784.0,6187.0,55.0,3.7,1846.0
B0541584439,Producto Computers&Accessories 965,Computers&Accessories,1197.0,2176.0,45.0,3.9,15716.0
B0424899209,Producto Home&Kitchen 966,Home&Kitchen,482.0,817.0,41.0,4.0,3629.0
B0368734975,Producto Electronics 967,Electronics,551.0,716.0,23.0,4.0,6396.0
B0682332239,Producto Computers&Accessories 968,Computers&Accessories,703.0,1634.0,57.0,4.6,11784.0
B0694696812,Producto Computers&Accessories 969,Computers&Accessories,1105.0,2512.0,56.0,4.0,132.0
B0193853386,Producto Home&Kitchen 970,Home&Kitchen,381.0,569.0,33.0,4.1,4473.0
B0497452984,Producto Toys&Games 971,Toys&Games,1178.0,1707.0,31.0,3.5,1182.0
B0682612770,Producto Home&Kitchen 972,Home&Kitchen,660.0,835.0,21.0,3.9,240.0
B0193850951,Producto Electronics 973,Electronics,2292.0,4245.0,46.0,4.1,5837.0
B0969726811,Producto Electronics 974,Electronics,993.0,2309.0,57.0,3.7,7134.0
B0572536322,Producto Electronics 975,Electronics,4571.0,5643.0,19.0,3.7,1596.0
B0363112513,Producto Computers&Accessories 976,Computers&Accessories,1364.0,2273.0,40.0,4.1,5158.0
B0699104948,Producto Electronics 977,Electronics,5079.0,9069.0,44.0,3.9,11352.0
B0487263181,Producto Computers&Accessories 978,Computers&Accessories,1412.0,2314.0,39.0,4.0,3533.0
B0917733171,Producto Computers&Accessories 979,Computers&Accessories,1234.0,3010.0,59.0,4.2,1357.0
B0453814876,Producto Electronics 980,Electronics,3092.0,3865.0,20.0,4.5,8404.0
B0724586420,Producto Home&Kitchen 981,Home&Kitchen,216.0,424.0,49.0,4.0,3380.0
B0491507758,Producto Electronics 982,Electronics,5516.0,7258.0,24.0,4.5,2344.0
B0599476994,Producto Electronics 983,Electronics,1919.0,4264.0,55.0,3.5,2980.0
B0710876864,Producto Home&Kitchen 984,Home&Kitchen,1160.0,1841.0,37.0,4.0,3117.0
B0631818894,Producto Computers&Accessories 985,Computers&Accessories,3260.0,4127.0,21.0,3.9,401.0
B0959139667,Producto Home&Kitchen 986,Home&Kitchen,1886.0,2549.0,26.0,3.8,4273.0
B0104131029,Producto Computers&Accessories 987,Computers&Accessories,294.0,774.0,62.0,4.2,7575.0
B0738594593,Producto Electronics 988,Electronics,651.0,1001.0,35.0,3.9,3076.0
B0448650033,Producto Home&Kitchen 989,Home&Kitchen,282.0,612.0,54.0,3.5,4566.0
B0606086688,Producto Home&Kitchen 990,Home&Kitchen,330.0,388.0,15.0,3.5,4091.0
B0321379842,Producto Home&Kitchen 991,Home&Kitchen,552.0,849.0,35.0,4.2,5678.0
B0553691649,Producto Electronics 992,Electronics,622.0,1152.0,46.0,3.6,1861.0
B0976500355,Producto Computers&Accessories 993,Computers&Accessories,499.0,768.0,35.0,4.2,1747.0
B0867092495,Producto Computers&Accessories 994,Computers&Accessories,1354.0,2603.0,48.0,4.1,19885.0
B0212282293,Producto Electronics 995,Electronics,189.0,631.0,70.0,4.0,7428.0
B0353949472,Producto HomeImprovement 996,HomeImprovement,726.0,1008.0,28.0,3.9,3119.0
B0531672584,Producto Electronics 997,Electronics,3390.0,5948.0,43.0,4.2,7653.0
B0480689720,Producto Car&Motorbike 998,Car&Motorbike,1664.0,2218.0,25.0,3.6,1659.0
B0879998247,Producto Computers&Accessories 999,Computers&Accessories,2321.0,3137.0,26.0,4.0,7264.0
B0686220517,Producto Electronics 1000,Electronics,3784.0,5484.0,31.0,3.7,2397.0
B0871603251,Producto Computers&Accessories 1001,Computers&Accessories,1019.0,3286.0,69.0,4.1,520.0
B0468122065,Producto OfficeProducts 1002,OfficeProducts,67.0,240.0,72.0,4.3,6289.0
B0134162959,Producto Home&Kitchen 1003,Home&Kitchen,684.0,1006.0,32.0,4.0,1324.0
B0698314119,Producto Home&Kitchen 1004,Home&Kitchen,1362.0,1918.0,29.0,4.1,3321.0
B0838255446,Producto Home&Kitchen 1005,Home&Kitchen,354.0,824.0,57.0,3.8,3401.0
B0119932219,Producto Home&Kitchen 1006,Home&Kitchen,258.0,831.0,69.0,4.1,8423.0
B0333590269,Producto MusicalInstruments 1007,MusicalInstruments,1396.0,2971.0,53.0,4.0,15300.0
B0140992419,Producto Electronics 1008,Electronics,7299.0,9999.0,27.0,3.9,6463.0
B0167747330,Producto Computers&Accessories 1009,Computers&Accessories,1987.0,3613.0,45.0,3.8,5296.0
B0659582222,Producto Electronics 1010,Electronics,359.0,652.0,45.0,3.9,4850.0
B0164372325,Producto Health&PersonalCare 1011,Health&PersonalCare,390.0,549.0,29.0,3.7,4295.0
B0354106622,Producto Toys&Games 1012,Toys&Games,145.0,303.0,52.0,3.6,11150.0
B0473680864,Producto Electronics 1013,Electronics,1937.0,6053.0,68.0,3.9,8273.0
B0549725137,Producto Home&Kitchen 1014,Home&Kitchen,1245.0,2895.0,57.0,4.2,506.0
B0679451414,Producto Toys&Games 1015,Toys&Games,2072.0,2496.0,17.0,4.0,1148.0
B0182674818,Producto Electronics 1016,Electronics,4714.0,5892.0,20.0,3.6,6172.0
B0891887517,Producto Computers&Accessories 1017,Computers&Accessories,1641.0,2931.0,44.0,3.9,5407.0
B0399759276,Producto HomeImprovement 1018,HomeImprovement,766.0,1446.0,47.0,4.2,14220.0
B0659972368,Producto Electronics 1019,Electronics,621.0,1321.0,53.0,3.9,8220.0
B0203185265,Producto Home&Kitchen 1020,Home&Kitchen,660.0,1158.0,43.0,3.6,3933.0
B0528383161,Producto Electronics 1021,Electronics,2800.0,3733.0,25.0,4.6,5100.0
B0833313849,Producto Toys&Games 1022,Toys&Games,365.0,420.0,13.0,3.9,1613.0
B0366855391,Producto Health&PersonalCare 1023,Health&PersonalCare,505.0,683.0,26.0,3.6,2409.0
B0429593709,Producto Toys&Games 1024,Toys&Games,1662.0,2725.0,39.0,4.0,1103.0
B0884746680,Producto Computers&Accessories 1025,Computers&Accessories,951.0,3171.0,70.0,4.1,2644.0
B0570560134,Producto OfficeProducts 1026,OfficeProducts,367.0,633.0,42.0,3.6,1181.0
B0503195302,Producto MusicalInstruments 1027,MusicalInstruments,2748.0,3478.0,21.0,4.0,3298.0
B0880549965,Producto Electronics 1028,Electronics,1582.0,3679.0,57.0,4.3,3712.0
B0452888249,Producto Home&Kitchen 1029,Home&Kitchen,431.0,980.0,56.0,4.0,733.0
B0123801527,Producto Electronics 1030,Electronics,545.0,851.0,36.0,3.4,4649.0
B0220018574,Producto Computers&Accessories 1031,Computers&Accessories,1796.0,3325.0,46.0,4.1,3326.0
B0934219563,Producto Electronics 1032,Electronics,3108.0,4570.0,32.0,4.1,8017.0
B0841975559,Producto Electronics 1033,Electronics,2291.0,4582.0,50.0,3.9,6745.0
B0482984271,Producto Electronics 1034,Electronics,1895.0,7287.0,74.0,3.9,5517.0
B0540802088,Producto Home&Kitchen 1035,Home&Kitchen,479.0,812.0,41.0,4.6,3305.0
B0538787745,Producto Electronics 1036,Electronics,2370.0,3160.0,25.0,3.8,1396.0
B0701405741,Producto Home&Kitchen 1037,Home&Kitchen,362.0,594.0,39.0,3.7,6166.0
B0754044375,Producto Electronics 1038,Electronics,1194.0,2095.0,43.0,4.0,8117.0
B0747734519,Producto Electronics 1039,Electronics,703.0,976.0,28.0,4.1,3897.0
B0659146524,Producto Computers&Accessories 1040,Computers&Accessories,745.0,1049.0,29.0,4.1,4925.0
B0423228943,Producto Home&Kitchen 1041,Home&Kitchen,658.0,1604.0,59.0,3.4,8760.0
B0152902020,Producto Electronics 1042,Electronics,5913.0,11371.0,48.0,3.8,7440.0
B0294180100,Producto Computers&Accessories 1043,Computers&Accessories,436.0,726.0,40.0,4.3,6462.0
B0225844211,Producto OfficeProducts 1044,OfficeProducts,259.0,518.0,50.0,4.1,1373.0
B0829052701,Producto Computers&Accessories 1045,Computers&Accessories,1572.0,6286.0,75.0,3.7,2311.0
B0573283188,Producto Electronics 1046,Electronics,2254.0,4795.0,53.0,4.4,4241.0
B0921290673,Producto Electronics 1047,Electronics,2320.0,4070.0,43.0,4.3,3877.0
B0774030577,Producto OfficeProducts 1048,OfficeProducts,167.0,299.0,44.0,3.9,2128.0
B0921731050,Producto Electronics 1049,Electronics,1627.0,2805.0,42.0,4.3,2230.0
B0276535692,Producto OfficeProducts 1050,OfficeProducts,188.0,391.0,52.0,4.6,5054.0
B0360489698,Producto Computers&Accessories 1051,Computers&Accessories,1206.0,2804.0,57.0,3.7,4971.0
B0884334128,Producto Toys&Games 1052,Toys&Games,657.0,1027.0,36.0,4.1,6527.0
B0695880280,Producto Home&Kitchen 1053,Home&Kitchen,247.0,851.0,71.0,4.6,985.0
B0715685389,Producto Health&PersonalCare 1054,Health&PersonalCare,170.0,396.0,57.0,4.2,3573.0
B0362876267,Producto Computers&Accessories 1055,Computers&Accessories,2009.0,4565.0,56.0,3.8,697.0
B0957646637,Producto Home&Kitchen 1056,Home&Kitchen,946.0,2955.0,68.0,4.1,5829.0
B0512740057,Producto Computers&Accessories 1057,Computers&Accessories,1011.0,1532.0,34.0,4.4,4709.0
B0306267473,Producto Computers&Accessories 1058,Computers&Accessories,628.0,1569.0,60.0,3.8,4267.0
B0787107709,Producto Computers&Accessories 1059,Computers&Accessories,466.0,685.0,32.0,4.0,3059.0
B0463172947,Producto OfficeProducts 1060,OfficeProducts,416.0,527.0,21.0,3.9,2083.0
B0480030241,Producto Health&PersonalCare 1061,Health&PersonalCare,299.0,506.0,41.0,3.8,3544.0
B0937827654,Producto Home&Kitchen 1062,Home&Kitchen,1186.0,1625.0,27.0,4.0,5676.0
B0895324590,Producto Computers&Accessories 1063,Computers&Accessories,950.0,1697.0,44.0,4.0,3113.0
B0280606779,Producto Computers&Accessories 1064,Computers&Accessories,2378.0,5170.0,54.0,4.2,1607.0
B0335545417,Producto Home&Kitchen 1065,Home&Kitchen,1764.0,3208.0,45.0,4.3,6498.0
B0916991694,Producto Electronics 1066,Electronics,9597.0,11563.0,17.0,3.6,4762.0
B0761322593,Producto Electronics 1067,Electronics,1384.0,4324.0,68.0,4.1,1639.0
B0982236506,Producto Computers&Accessories 1068,Computers&Accessories,753.0,1638.0,54.0,4.0,1131.0
B0675175124,Producto Electronics 1069,Electronics,2046.0,4092.0,50.0,4.1,1331.0
B0773503070,Producto Electronics 1070,Electronics,1606.0,2769.0,42.0,4.0,3920.0
B0137539249,Producto Electronics 1071,Electronics,3007.0,7335.0,59.0,3.8,15423.0
B0269118968,Producto Electronics 1072,Electronics,1172.0,5326.0,78.0,4.5,22488.0
B0714873731,Producto Electronics 1073,Electronics,1308.0,2255.0,42.0,4.5,6911.0
B0719496378,Producto Health&PersonalCare 1074,Health&PersonalCare,251.0,809.0,69.0,4.2,1613.0
B0675109968,Producto Computers&Accessories 1075,Computers&Accessories,218.0,336.0,35.0,4.2,12900.0
B0771156464,Producto Computers&Accessories 1076,Computers&Accessories,2179.0,5586.0,61.0,4.1,16689.0
B0715357117,Producto Home&Kitchen 1077,Home&Kitchen,304.0,692.0,56.0,4.3,2452.0
B0876117743,Producto Electronics 1078,Electronics,4814.0,8160.0,41.0,3.3,2944.0
B0773542483,Producto Toys&Games 1079,Toys&Games,279.0,507.0,45.0,4.0,8302.0
B0724548632,Producto Home&Kitchen 1080,Home&Kitchen,436.0,1322.0,67.0,3.9,13832.0
B0694298326,Producto Electronics 1081,Electronics,1091.0,2538.0,57.0,4.1,4671.0
B0933345998,Producto Computers&Accessories 1082,Computers&Accessories,1154.0,2884.0,60.0,4.4,12571.0
B0529857568,Producto OfficeProducts 1083,OfficeProducts,129.0,231.0,44.0,4.0,6043.0
B0968019474,Producto Toys&Games 1084,Toys&Games,60.0,100.0,40.0,3.9,5252.0
B0951965752,Producto Computers&Accessories 1085,Computers&Accessories,3689.0,4854.0,24.0,3.6,3402.0
B0294588686,Producto Computers&Accessories 1086,Computers&Accessories,4218.0,5550.0,24.0,3.9,11415.0
B0577813800,Producto Electronics 1087,Electronics,877.0,2249.0,61.0,4.2,6119.0
B0180085199,Producto Health&PersonalCare 1088,Health&PersonalCare,101.0,240.0,58.0,3.8,6934.0
B0537257275,Producto Electronics 1089,Electronics,1309.0,2786.0,53.0,3.5,12853.0
B0224963180,Producto Toys&Games 1090,Toys&Games,186.0,266.0,30.0,4.6,7970.0
B0661777903,Producto Home&Kitchen 1091,Home&Kitchen,1017.0,1614.0,37.0,4.1,2627.0
B0366623583,Producto Computers&Accessories 1092,Computers&Accessories,753.0,1537.0,51.0,4.0,4590.0
B0454475797,Producto Computers&Accessories 1093,Computers&Accessories,902.0,1367.0,34.0,4.4,2244.0
B0481614239,Producto Electronics 1094,Electronics,708.0,2023.0,65.0,4.1,5409.0
B0983532172,Producto Electronics 1095,Electronics,1932.0,3067.0,37.0,4.4,4379.0
B0617175795,Producto Electronics 1096,Electronics,1295.0,2490.0,48.0,4.4,3984.0
B0282927568,Producto Electronics 1097,Electronics,2283.0,3127.0,27.0,3.6,3544.0
B0401118596,Producto Home&Kitchen 1098,Home&Kitchen,591.0,703.0,16.0,4.1,561.0
B0988857008,Producto Computers&Accessories 1099,Computers&Accessories,2580.0,4161.0,38.0,4.5,21105.0
B0559491936,Producto Electronics 1100,Electronics,2539.0,4304.0,41.0,3.7,3299.0
B0466679770,Producto Car&Motorbike 1101,Car&Motorbike,755.0,1179.0,36.0,3.7,3511.0
B0298232452,Producto OfficeProducts 1102,OfficeProducts,227.0,267.0,15.0,3.7,7558.0
B0609377508,Producto Toys&Games 1103,Toys&Games,416.0,1434.0,71.0,4.3,10414.0
B0794284870,Producto Health&PersonalCare 1104,Health&PersonalCare,164.0,293.0,44.0,4.1,3242.0
B0856363695,Producto Electronics 1105,Electronics,1688.0,3517.0,52.0,3.5,2905.0
B0563099153,Producto Computers&Accessories 1106,Computers&Accessories,888.0,1268.0,30.0,4.1,9097.0
B0224645726,Producto Home&Kitchen 1107,Home&Kitchen,1658.0,1998.0,17.0,3.9,7635.0
B0715956613,Producto Home&Kitchen 1108,Home&Kitchen,284.0,747.0,62.0,4.0,3314.0
B0667401537,Producto Electronics 1109,Electronics,2865.0,5406.0,47.0,3.8,11685.0
B0961897932,Producto Home&Kitchen 1110,Home&Kitchen,403.0,640.0,37.0,4.1,825.0
B0835669545,Producto Electronics 1111,Electronics,318.0,419.0,24.0,4.3,12567.0
B0155734388,Producto Electronics 1112,Electronics,1032.0,1876.0,45.0,3.8,5590.0
B0107212979,Producto Computers&Accessories 1113,Computers&Accessories,931.0,2517.0,63.0,3.6,12101.0
B0188155402,Producto Computers&Accessories 1114,Computers&Accessories,487.0,696.0,30.0,3.9,6148.0
B0551983129,Producto Computers&Accessories 1115,Computers&Accessories,836.0,1818.0,54.0,4.2,3604.0
B0276113812,Producto Electronics 1116,Electronics,612.0,2914.0,79.0,4.0,5718.0
B0761257409,Producto OfficeProducts 1117,OfficeProducts,1349.0,1984.0,32.0,3.6,2162.0
B0440666023,Producto Electronics 1118,Electronics,500.0,1561.0,68.0,4.3,3307.0
B0919148599,Producto Electronics 1119,Electronics,5360.0,9241.0,42.0,4.4,8004.0
B0276078709,Producto OfficeProducts 1120,OfficeProducts,160.0,314.0,49.0,4.0,575.0
B0219482515,Producto Car&Motorbike 1121,Car&Motorbike,841.0,1828.0,54.0,3.6,3533.0
B0705385168,Producto OfficeProducts 1122,OfficeProducts,338.0,512.0,34.0,3.9,4199.0
B0978658511,Producto Home&Kitchen 1123,Home&Kitchen,441.0,849.0,48.0,4.1,640.0
B0602839864,Producto Home&Kitchen 1124,Home&Kitchen,220.0,314.0,30.0,3.7,4369.0
B0570554601,Producto Computers&Accessories 1125,Computers&Accessories,2062.0,3033.0,32.0,4.1,6945.0
B0329737476,Producto Electronics 1126,Electronics,2090.0,6530.0,68.0,3.8,7604.0
B0927408909,Producto Computers&Accessories 1127,Computers&Accessories,1777.0,2962.0,40.0,4.0,6350.0
B0479914519,Producto Computers&Accessories 1128,Computers&Accessories,518.0,1150.0,55.0,4.0,5643.0
B0286272242,Producto Electronics 1129,Electronics,564.0,2452.0,77.0,4.3,2602.0
B0747072179,Producto Home&Kitchen 1130,Home&Kitchen,488.0,1061.0,54.0,4.0,4250.0
B0538299439,Producto Computers&Accessories 1131,Computers&Accessories,1256.0,3221.0,61.0,4.0,3470.0
B0652465623,Producto Electronics 1132,Electronics,3703.0,7122.0,48.0,3.8,4642.0
B0793537454,Producto Electronics 1133,Electronics,985.0,2661.0,63.0,4.1,2722.0
B0274684987,Producto Home&Kitchen 1134,Home&Kitchen,137.0,185.0,26.0,3.9,8151.0
B0739138760,Producto Electronics 1135,Electronics,247.0,485.0,49.0,3.8,781.0
B0346261250,Producto OfficeProducts 1136,OfficeProducts,166.0,338.0,51.0,4.1,2918.0
B0245860470,Producto Computers&Accessories 1137,Computers&Accessories,2420.0,3968.0,39.0,4.1,3662.0
B0874904968,Producto Computers&Accessories 1138,Computers&Accessories,1544.0,3088.0,50.0,3.9,6853.0
B0232779985,Producto Computers&Accessories 1139,Computers&Accessories,1774.0,3348.0,47.0,4.3,8115.0
B0764549987,Producto Home&Kitchen 1140,Home&Kitchen,497.0,672.0,26.0,4.0,7609.0
B0860998482,Producto Electronics 1141,Electronics,1010.0,2295.0,56.0,3.7,8104.0
B0733349399,Producto Home&Kitchen 1142,Home&Kitchen,1353.0,2332.0,42.0,4.4,4619.0
B0328295048,Producto Computers&Accessories 1143,Computers&Accessories,1310.0,5954.0,78.0,4.3,14060.0
B0449106656,Producto Electronics 1144,Electronics,3532.0,6307.0,44.0,4.3,4555.0
B0570068736,Producto OfficeProducts 1145,OfficeProducts,745.0,1262.0,41.0,4.1,756.0
B0567642995,Producto Home&Kitchen 1146,Home&Kitchen,387.0,645.0,40.0,3.3,559.0
B0635459826,Producto Home&Kitchen 1147,Home&Kitchen,858.0,1950.0,56.0,4.3,4662.0
B0998206114,Producto OfficeProducts 1148,OfficeProducts,65.0,192.0,66.0,4.1,1978.0
B0437020105,Producto OfficeProducts 1149,OfficeProducts,888.0,1388.0,36.0,4.1,4018.0
B0261495691,Producto Home&Kitchen 1150,Home&Kitchen,716.0,1592.0,55.0,4.2,10588.0
B0951593873,Producto MusicalInstruments 1151,MusicalInstruments,1390.0,1986.0,30.0,4.5,3510.0
B0219079373,Producto Home&Kitchen 1152,Home&Kitchen,66.0,117.0,44.0,3.9,399.0
B0519178249,Producto Home&Kitchen 1153,Home&Kitchen,774.0,968.0,20.0,3.8,4796.0
B0344329673,Producto Computers&Accessories 1154,Computers&Accessories,1617.0,2047.0,21.0,3.7,1900.0
B0388440471,Producto Home&Kitchen 1155,Home&Kitchen,596.0,1325.0,55.0,3.7,3515.0
B0398856526,Producto Electronics 1156,Electronics,1580.0,2678.0,41.0,3.7,17908.0
B0105010631,Producto OfficeProducts 1157,OfficeProducts,224.0,423.0,47.0,3.5,7443.0
B0610662754,Producto OfficeProducts 1158,OfficeProducts,140.0,311.0,55.0,4.2,13838.0
B0500318417,Producto Electronics 1159,Electronics,5522.0,9521.0,42.0,4.6,4324.0
B0553621736,Producto Home&Kitchen 1160,Home&Kitchen,2466.0,4251.0,42.0,4.6,23641.0
B0542825615,Producto Electronics 1161,Electronics,1856.0,3866.0,52.0,3.8,1843.0
B0405027773,Producto Electronics 1162,Electronics,1319.0,1669.0,21.0,3.9,547.0
B0594488964,Producto Home&Kitchen 1163,Home&Kitchen,209.0,475.0,56.0,4.4,28197.0
B0165816364,Producto Electronics 1164,Electronics,1677.0,2662.0,37.0,4.1,423.0
B0605914741,Producto Home&Kitchen 1165,Home&Kitchen,2362.0,4143.0,43.0,4.0,2926.0
B0754206003,Producto MusicalInstruments 1166,MusicalInstruments,1172.0,3005.0,61.0,4.0,8535.0
B0801332422,Producto Computers&Accessories 1167,Computers&Accessories,2919.0,4633.0,37.0,4.3,3618.0
B0353449839,Producto Electronics 1168,Electronics,3659.0,7318.0,50.0,3.7,2193.0
B0879966598,Producto Electronics 1169,Electronics,3031.0,5318.0,43.0,4.1,4891.0
B0582800026,Producto Computers&Accessories 1170,Computers&Accessories,609.0,734.0,17.0,4.0,3168.0
B0946981080,Producto Health&PersonalCare 1171,Health&PersonalCare,925.0,1101.0,16.0,4.0,3655.0
B0707684053,Producto Home&Kitchen 1172,Home&Kitchen,136.0,390.0,65.0,4.3,17038.0
B0623953263,Producto Electronics 1173,Electronics,1281.0,1731.0,26.0,4.0,6119.0
B0191145740,Producto Home&Kitchen 1174,Home&Kitchen,914.0,1549.0,41.0,3.9,3489.0
B0102843408,Producto Computers&Accessories 1175,Computers&Accessories,980.0,1532.0,36.0,4.0,5318.0
B0292544488,Producto Home&Kitchen 1176,Home&Kitchen,646.0,1538.0,58.0,3.6,3762.0
B0564622635,Producto Electronics 1177,Electronics,412.0,980.0,58.0,4.2,7877.0
B0782202696,Producto Home&Kitchen 1178,Home&Kitchen,468.0,650.0,28.0,4.2,1978.0
B0507722244,Producto Computers&Accessories 1179,Computers&Accessories,2098.0,3227.0,35.0,3.8,2491.0
B0239326182,Producto Car&Motorbike 1180,Car&Motorbike,4029.0,6296.0,36.0,3.7,7405.0
B0489126688,Producto Electronics 1181,Electronics,4930.0,8500.0,42.0,3.8,1321.0
B0992889475,Producto Home&Kitchen 1182,Home&Kitchen,230.0,256.0,10.0,3.9,5861.0
B0227057371,Producto Toys&Games 1183,Toys&Games,310.0,597.0,48.0,4.1,16850.0
B0884428441,Producto Electronics 1184,Electronics,1700.0,1977.0,14.0,4.4,2585.0
B0585084739,Producto Toys&Games 1185,Toys&Games,490.0,732.0,33.0,4.4,1628.0
B0599271695,Producto Home&Kitchen 1186,Home&Kitchen,921.0,1535.0,40.0,4.2,2411.0
B0382150884,Producto Electronics 1187,Electronics,1666.0,2083.0,20.0,4.0,10853.0
B0479671189,Producto Electronics 1188,Electronics,4555.0,6699.0,32.0,3.7,1060.0
B0374683683,Producto Home&Kitchen 1189,Home&Kitchen,1889.0,2819.0,33.0,4.5,1708.0
B0214239589,Producto Electronics 1190,Electronics,3039.0,7236.0,58.0,4.0,485.0
B0523861433,Producto Computers&Accessories 1191,Computers&Accessories,296.0,926.0,68.0,4.1,3944.0
B0431817910,Producto Electronics 1192,Electronics,3570.0,4250.0,16.0,4.1,3950.0
B0826776738,Producto Computers&Accessories 1193,Computers&Accessories,1442.0,4242.0,66.0,4.1,17023.0
B0779452696,Producto Electronics 1194,Electronics,4269.0,5929.0,28.0,4.3,3133.0
B0984276295,Producto OfficeProducts 1195,OfficeProducts,768.0,1130.0,32.0,4.1,6456.0
B0633263952,Producto Health&PersonalCare 1196,Health&PersonalCare,877.0,1290.0,32.0,4.3,2353.0
B0729227068,Producto Car&Motorbike 1197,Car&Motorbike,274.0,856.0,68.0,4.2,1681.0
B0130269457,Producto Home&Kitchen 1198,Home&Kitchen,113.0,209.0,46.0,4.0,12030.0
B0250744817,Producto Electronics 1199,Electronics,1523.0,2626.0,42.0,4.0,5110.0
B0180446009,Producto Home&Kitchen 1200,Home&Kitchen,547.0,1032.0,47.0,4.0,7787.0
B0708175435,Producto Electronics 1201,Electronics,9904.0,15237.0,35.0,3.6,3724.0
B0421447480,Producto Electronics 1202,Electronics,1180.0,1935.0,39.0,3.7,582.0
B0980475232,Producto Electronics 1203,Electronics,5702.0,7405.0,23.0,4.2,8060.0
B0837367051,Producto Computers&Accessories 1204,Computers&Accessories,3088.0,8347.0,63.0,3.7,2249.0
B0443141386,Producto Home&Kitchen 1205,Home&Kitchen,1202.0,4294.0,72.0,4.0,8731.0
B0934877324,Producto Home&Kitchen 1206,Home&Kitchen,665.0,1231.0,46.0,3.7,1137.0
B0669424034,Producto Computers&Accessories 1207,Computers&Accessories,1723.0,3745.0,54.0,3.9,1495.0
B0294696474,Producto Electronics 1208,Electronics,3829.0,3989.0,4.0,3.9,1297.0
B0607508440,Producto Health&PersonalCare 1209,Health&PersonalCare,142.0,249.0,43.0,3.9,1671.0
B0579388519,Producto Computers&Accessories 1210,Computers&Accessories,1702.0,5157.0,67.0,3.7,1223.0
B0127847920,Producto Computers&Accessories 1211,Computers&Accessories,2245.0,3207.0,30.0,3.9,16403.0
B0610733356,Producto Electronics 1212,Electronics,576.0,1477.0,61.0,3.8,4835.0
B0177595593,Producto Home&Kitchen 1213,Home&Kitchen,396.0,922.0,57.0,3.9,646.0
B0566354430,Producto Home&Kitchen 1214,Home&Kitchen,762.0,1105.0,31.0,4.2,1168.0
B0613157186,Producto Electronics 1215,Electronics,3190.0,7596.0,58.0,4.3,2543.0
B0445571308,Producto Electronics 1216,Electronics,473.0,1127.0,58.0,3.7,2723.0
B0844057749,Producto Home&Kitchen 1217,Home&Kitchen,324.0,421.0,23.0,4.4,7517.0
B0374414541,Producto Home&Kitchen 1218,Home&Kitchen,722.0,1473.0,51.0,3.9,5471.0
B0961922345,Producto Electronics 1219,Electronics,362.0,1391.0,74.0,3.9,5555.0
B0567662611,Producto Car&Motorbike 1220,Car&Motorbike,541.0,1082.0,50.0,3.8,772.0
B0567552047,Producto Electronics 1221,Electronics,1505.0,2213.0,32.0,4.0,6046.0
B0391968785,Producto Computers&Accessories 1222,Computers&Accessories,136.0,212.0,36.0,4.5,850.0
B0241363583,Producto Toys&Games 1223,Toys&Games,230.0,418.0,45.0,3.6,2994.0
B0563672553,Producto Computers&Accessories 1224,Computers&Accessories,1442.0,1758.0,18.0,3.4,2969.0
B0882812101,Producto Home&Kitchen 1225,Home&Kitchen,1555.0,2429.0,36.0,4.1,5627.0
B0955115465,Producto Computers&Accessories 1226,Computers&Accessories,3040.0,7238.0,58.0,4.2,6391.0
B0861872868,Producto Electronics 1227,Electronics,1053.0,1699.0,38.0,4.0,4904.0
B0961298437,Producto Health&PersonalCare 1228,Health&PersonalCare,103.0,570.0,82.0,4.3,7895.0
B0159203594,Producto Computers&Accessories 1229,Computers&Accessories,1843.0,3021.0,39.0,3.7,795.0
B0961565336,Producto OfficeProducts 1230,OfficeProducts,1186.0,2893.0,59.0,3.8,959.0
B0722614635,Producto Electronics 1231,Electronics,509.0,2120.0,76.0,4.1,12223.0
B0966437099,Producto Electronics 1232,Electronics,1063.0,1611.0,34.0,4.5,9932.0
B0338949469,Producto Electronics 1233,Electronics,1068.0,2484.0,57.0,4.2,1755.0
B0675903827,Producto Home&Kitchen 1234,Home&Kitchen,240.0,600.0,60.0,4.2,6600.0
B0937089337,Producto Computers&Accessories 1235,Computers&Accessories,1418.0,3377.0,58.0,3.7,5959.0
B0632573476,Producto OfficeProducts 1236,OfficeProducts,623.0,1325.0,53.0,4.2,5357.0
B0825855247,Producto Computers&Accessories 1237,Computers&Accessories,1312.0,2523.0,48.0,3.7,8658.0
B0558564188,Producto Car&Motorbike 1238,Car&Motorbike,863.0,1438.0,40.0,4.5,3465.0
B0447685832,Producto Electronics 1239,Electronics,3264.0,8368.0,61.0,3.8,3323.0
B0699584932,Producto OfficeProducts 1240,OfficeProducts,465.0,567.0,18.0,3.7,6059.0
B0144057012,Producto Home&Kitchen 1241,Home&Kitchen,814.0,2201.0,63.0,3.6,992.0
B0983501782,Producto Home&Kitchen 1242,Home&Kitchen,398.0,1047.0,62.0,4.1,10531.0
B0659265423,Producto MusicalInstruments 1243,MusicalInstruments,730.0,869.0,16.0,4.0,9522.0
B0992405521,Producto Home&Kitchen 1244,Home&Kitchen,900.0,2813.0,68.0,4.5,10795.0
B0968391314,Producto Computers&Accessories 1245,Computers&Accessories,1847.0,2638.0,30.0,4.2,3876.0
B0170033323,Producto Electronics 1246,Electronics,4362.0,7036.0,38.0,3.8,908.0
B0489879169,Producto Electronics 1247,Electronics,2108.0,4583.0,54.0,4.3,6512.0
B0847599801,Producto Toys&Games 1248,Toys&Games,483.0,1124.0,57.0,3.7,2042.0
B0310834569,Producto Computers&Accessories 1249,Computers&Accessories,483.0,1027.0,53.0,3.8,3313.0
B0560591917,Producto Home&Kitchen 1250,Home&Kitchen,883.0,1839.0,52.0,4.1,6820.0
B0412044241,Producto Computers&Accessories 1251,Computers&Accessories,2182.0,5196.0,58.0,3.7,1770.0
B0980818706,Producto Electronics 1252,Electronics,1405.0,3123.0,55.0,4.3,1667.0
B0223381541,Producto Electronics 1253,Electronics,1401.0,2030.0,31.0,4.6,2959.0
B0422789668,Producto Home&Kitchen 1254,Home&Kitchen,1175.0,2259.0,48.0,3.9,12333.0
B0197252826,Producto Computers&Accessories 1255,Computers&Accessories,318.0,636.0,50.0,3.8,5841.0
B0739876094,Producto Electronics 1256,Electronics,3980.0,9046.0,56.0,4.0,2329.0
B0507859055,Producto Computers&Accessories 1257,Computers&Accessories,1227.0,1728.0,29.0,3.8,1749.0
B0153805517,Producto Electronics 1258,Electronics,3824.0,5883.0,35.0,4.1,10250.0
B0550129708,Producto Computers&Accessories 1259,Computers&Accessories,1460.0,2655.0,45.0,3.6,742.0
B0578199156,Producto Electronics 1260,Electronics,6324.0,7528.0,16.0,4.0,8600.0
B0994635169,Producto Home&Kitchen 1261,Home&Kitchen,1990.0,2926.0,32.0,4.5,1908.0
B0717085569,Producto Electronics 1262,Electronics,2779.0,3914.0,29.0,3.4,7208.0
B0549570859,Producto Computers&Accessories 1263,Computers&Accessories,4201.0,6365.0,34.0,3.7,6602.0
B0297406560,Producto Electronics 1264,Electronics,529.0,928.0,43.0,3.9,1411.0
B0437122386,Producto Electronics 1265,Electronics,3227.0,4816.0,33.0,4.1,7064.0
B0646147195,Producto Computers&Accessories 1266,Computers&Accessories,2472.0,5259.0,53.0,4.3,821.0
B0150821658,Producto Computers&Accessories 1267,Computers&Accessories,1463.0,3112.0,53.0,4.3,12668.0
B0519102511,Producto Computers&Accessories 1268,Computers&Accessories,620.0,1266.0,51.0,3.6,1271.0
B0363371613,Producto Electronics 1269,Electronics,1671.0,3978.0,58.0,3.9,10947.0
B0336533146,Producto Home&Kitchen 1270,Home&Kitchen,455.0,813.0,44.0,3.8,888.0
B0325049940,Producto OfficeProducts 1271,OfficeProducts,232.0,422.0,45.0,4.0,1590.0
B0237474758,Producto Home&Kitchen 1272,Home&Kitchen,1022.0,1548.0,34.0,4.0,13055.0
B0391587711,Producto Electronics 1273,Electronics,77.0,149.0,48.0,3.6,5602.0
B0728034789,Producto Computers&Accessories 1274,Computers&Accessories,1549.0,1780.0,13.0,3.8,1060.0
B0465614097,Producto Electronics 1275,Electronics,3538.0,3846.0,8.0,4.1,3596.0
B0926862240,Producto Electronics 1276,Electronics,881.0,3671.0,76.0,3.9,6932.0
B0412572767,Producto Health&PersonalCare 1277,Health&PersonalCare,90.0,266.0,66.0,4.0,4348.0
B0999378041,Producto Electronics 1278,Electronics,2725.0,4954.0,45.0,4.5,6902.0
B0363739277,Producto Computers&Accessories 1279,Computers&Accessories,1186.0,2196.0,46.0,4.6,14701.0
B0415441573,Producto Computers&Accessories 1280,Computers&Accessories,2603.0,7656.0,66.0,3.5,7979.0
B0825569189,Producto Home&Kitchen 1281,Home&Kitchen,1460.0,1921.0,24.0,4.0,5418.0
B0746627075,Producto Computers&Accessories 1282,Computers&Accessories,501.0,1391.0,64.0,4.9,3091.0
B0448214123,Producto Electronics 1283,Electronics,2967.0,5934.0,50.0,4.2,1137.0
B0285031357,Producto Electronics 1284,Electronics,231.0,641.0,64.0,4.1,5226.0
B0805368401,Producto Computers&Accessories 1285,Computers&Accessories,1552.0,2282.0,32.0,4.3,8666.0
B0955671049,Producto Electronics 1286,Electronics,2114.0,4227.0,50.0,4.1,345.0
B0776332898,Producto Computers&Accessories 1287,Computers&Accessories,944.0,2302.0,59.0,4.2,3533.0
B0950794855,Producto Electronics 1288,Electronics,572.0,1682.0,66.0,4.0,8030.0
B0514292981,Producto Electronics 1289,Electronics,2126.0,3604.0,41.0,4.1,12275.0
B0558942680,Producto Computers&Accessories 1290,Computers&Accessories,528.0,754.0,30.0,4.1,3645.0
B0863659089,Producto Electronics 1291,Electronics,5877.0,10311.0,43.0,4.2,2808.0
B0745010126,Producto Computers&Accessories 1292,Computers&Accessories,907.0,2267.0,60.0,3.9,4933.0
B0580112280,Producto Home&Kitchen 1293,Home&Kitchen,1012.0,1808.0,44.0,3.9,6556.0
B0645973215,Producto Home&Kitchen 1294,Home&Kitchen,305.0,328.0,7.0,3.4,244.0
B0263303092,Producto Electronics 1295,Electronics,1411.0,2075.0,32.0,3.9,1336.0
B0126500307,Producto Electronics 1296,Electronics,3332.0,5207.0,36.0,4.3,1943.0
B0650643472,Producto Electronics 1297,Electronics,5036.0,6805.0,26.0,4.1,2645.0
B0225254584,Producto Home&Kitchen 1298,Home&Kitchen,323.0,567.0,43.0,3.7,8792.0
B0751562186,Producto Home&Kitchen 1299,Home&Kitchen,721.0,1803.0,60.0,3.5,1303.0
B0162046924,Producto Electronics 1300,Electronics,728.0,2512.0,71.0,4.0,2858.0
B0151696600,Producto Toys&Games 1301,Toys&Games,103.0,132.0,22.0,4.2,782.0
B0398465171,Producto Electronics 1302,Electronics,1089.0,2017.0,46.0,3.9,3050.0
B0876094591,Producto Computers&Accessories 1303,Computers&Accessories,2002.0,4352.0,54.0,3.6,3078.0
B0180422040,Producto Home&Kitchen 1304,Home&Kitchen,1012.0,2811.0,64.0,3.9,4262.0
B0284397481,Producto OfficeProducts 1305,OfficeProducts,453.0,824.0,45.0,4.1,23841.0
B0360220656,Producto Home&Kitchen 1306,Home&Kitchen,494.0,1411.0,65.0,4.4,12637.0
B0736840692,Producto Home&Kitchen 1307,Home&Kitchen,483.0,928.0,48.0,3.9,4202.0
B0595938880,Producto Electronics 1308,Electronics,132.0,264.0,50.0,4.3,8362.0
B0645662387,Producto Home&Kitchen 1309,Home&Kitchen,973.0,1677.0,42.0,4.3,2769.0
B0401676111,Producto Electronics 1310,Electronics,1182.0,1619.0,27.0,3.6,12810.0
B0662907631,Producto OfficeProducts 1311,OfficeProducts,694.0,1652.0,58.0,4.4,12306.0
B0393609051,Producto Computers&Accessories 1312,Computers&Accessories,539.0,709.0,24.0,4.0,6219.0
B0486217108,Producto Home&Kitchen 1313,Home&Kitchen,896.0,2715.0,67.0,3.7,13182.0
B0883618589,Producto Computers&Accessories 1314,Computers&Accessories,211.0,352.0,40.0,4.5,19276.0
B0617976698,Producto Home&Kitchen 1315,Home&Kitchen,2475.0,5755.0,57.0,4.0,1706.0
B0466780290,Producto Computers&Accessories 1316,Computers&Accessories,365.0,570.0,36.0,3.4,7445.0
B0643327557,Producto Home&Kitchen 1317,Home&Kitchen,1324.0,2817.0,53.0,3.8,6315.0
B0232078620,Producto Electronics 1318,Electronics,1417.0,1968.0,28.0,3.7,4000.0
B0130077625,Producto Electronics 1319,Electronics,2541.0,5186.0,51.0,3.8,14002.0
B0200173898,Producto Electronics 1320,Electronics,6318.0,10358.0,39.0,3.9,1491.0
B0112152364,Producto Electronics 1321,Electronics,1864.0,2701.0,31.0,3.9,3528.0
B0983242564,Producto OfficeProducts 1322,OfficeProducts,1733.0,2889.0,40.0,3.9,3453.0
B0534119153,Producto Electronics 1323,Electronics,3790.0,10528.0,64.0,4.0,7652.0
B0610684575,Producto Health&PersonalCare 1324,Health&PersonalCare,76.0,119.0,36.0,4.2,6613.0
B0680181870,Producto Electronics 1325,Electronics,2463.0,3329.0,26.0,3.8,7962.0
B0491635665,Producto Electronics 1326,Electronics,1084.0,2779.0,61.0,4.4,6659.0
B0979965934,Producto Home&Kitchen 1327,Home&Kitchen,341.0,1313.0,74.0,3.7,17314.0
B0959455795,Producto Home&Kitchen 1328,Home&Kitchen,522.0,933.0,44.0,4.2,7625.0
B0773319615,Producto Computers&Accessories 1329,Computers&Accessories,437.0,951.0,54.0,4.5,2050.0
B0954451059,Producto Computers&Accessories 1330,Computers&Accessories,576.0,1985.0,71.0,4.0,3236.0
B0541982566,Producto Home&Kitchen 1331,Home&Kitchen,1424.0,1899.0,25.0,4.0,6286.0
B0141239792,Producto Electronics 1332,Electronics,46.0,145.0,68.0,3.8,7402.0
B0969937404,Producto Health&PersonalCare 1333,Health&PersonalCare,794.0,957.0,17.0,3.8,4005.0
B0884642983,Producto Health&PersonalCare 1334,Health&PersonalCare,247.0,575.0,57.0,4.5,24572.0
B0203093467,Producto Home&Kitchen 1335,Home&Kitchen,2207.0,3448.0,36.0,4.2,10124.0
B0629230220,Producto Electronics 1336,Electronics,1208.0,2324.0,48.0,4.1,3336.0
B0237259993,Producto Home&Kitchen 1337,Home&Kitchen,410.0,774.0,47.0,3.5,3079.0
B0356695631,Producto Electronics 1338,Electronics,1194.0,1681.0,29.0,3.8,2189.0
B0262731736,Producto Electronics 1339,Electronics,3362.0,4873.0,31.0,4.5,2037.0
B0176084937,Producto Electronics 1340,Electronics,335.0,486.0,31.0,4.1,16251.0
B0770098460,Producto Computers&Accessories 1341,Computers&Accessories,481.0,1119.0,57.0,4.2,8141.0
B0650257133,Producto OfficeProducts 1342,OfficeProducts,356.0,775.0,54.0,4.1,1395.0
B0571724990,Producto Home&Kitchen 1343,Home&Kitchen,148.0,291.0,49.0,3.9,14264.0
B0353773797,Producto Home&Kitchen 1344,Home&Kitchen,1007.0,1343.0,25.0,4.1,1816.0
B0370649043,Producto Computers&Accessories 1345,Computers&Accessories,2383.0,5071.0,53.0,3.6,4924.0
B0391290613,Producto Electronics 1346,Electronics,4152.0,7414.0,44.0,3.6,3930.0
B0532059545,Producto Computers&Accessories 1347,Computers&Accessories,823.0,1915.0,57.0,3.8,790.0
B0636087782,Producto Health&PersonalCare 1348,Health&PersonalCare,757.0,996.0,24.0,4.0,272.0
B0972101989,Producto Electronics 1349,Electronics,1845.0,4732.0,61.0,3.6,8246.0
B0300129338,Producto OfficeProducts 1350,OfficeProducts,457.0,775.0,41.0,4.0,11459.0
B0766187952,Producto Computers&Accessories 1351,Computers&Accessories,1957.0,3317.0,41.0,3.7,4851.0
B0708796340,Producto Computers&Accessories 1352,Computers&Accessories,884.0,1550.0,43.0,3.8,23885.0
B0635696286,Producto Home&Kitchen 1353,Home&Kitchen,170.0,1001.0,83.0,4.5,4228.0
B0753568231,Producto Computers&Accessories 1354,Computers&Accessories,2319.0,2899.0,20.0,4.0,383.0
B0249624843,Producto OfficeProducts 1355,OfficeProducts,440.0,667.0,34.0,3.7,5088.0
B0166974905,Producto HomeImprovement 1356,HomeImprovement,1113.0,2182.0,49.0,4.1,1777.0
B0581524472,Producto Computers&Accessories 1357,Computers&Accessories,2257.0,3640.0,38.0,3.6,3251.0
B0777503907,Producto Electronics 1358,Electronics,2031.0,5802.0,65.0,4.2,13764.0
B0662944265,Producto Computers&Accessories 1359,Computers&Accessories,2498.0,3123.0,20.0,4.3,2297.0
B0737593477,Producto HomeImprovement 1360,HomeImprovement,876.0,1152.0,24.0,4.1,3549.0
B0205485446,Producto Electronics 1361,Electronics,4793.0,5706.0,16.0,4.5,10141.0
B0927417332,Producto Computers&Accessories 1362,Computers&Accessories,2016.0,4290.0,53.0,3.5,3184.0
B0818726174,Producto Home&Kitchen 1363,Home&Kitchen,1326.0,1658.0,20.0,4.0,4955.0
B0495046746,Producto Home&Kitchen 1364,Home&Kitchen,128.0,611.0,79.0,3.7,8641.0
B0756216322,Producto Electronics 1365,Electronics,1153.0,3391.0,66.0,4.0,4721.0
B0453890734,Producto Home&Kitchen 1366,Home&Kitchen,245.0,302.0,19.0,3.9,2750.0
B0166571645,Producto HomeImprovement 1367,HomeImprovement,1469.0,2369.0,38.0,4.6,5507.0
B0539650772,Producto Electronics 1368,Electronics,2803.0,5721.0,51.0,4.0,2551.0
B0658284288,Producto Electronics 1369,Electronics,1369.0,1611.0,15.0,3.9,4193.0
B0932382892,Producto Health&PersonalCare 1370,Health&PersonalCare,146.0,291.0,50.0,4.3,2987.0
B0532953269,Producto Electronics 1371,Electronics,4230.0,8135.0,48.0,4.0,2896.0
B0944332977,Producto OfficeProducts 1372,OfficeProducts,258.0,369.0,30.0,4.5,1766.0
B0703544782,Producto Computers&Accessories 1373,Computers&Accessories,280.0,474.0,41.0,4.2,12936.0
B0593786200,Producto Electronics 1374,Electronics,1012.0,1150.0,12.0,4.2,722.0
B0478781890,Producto OfficeProducts 1375,OfficeProducts,242.0,527.0,54.0,3.5,14711.0
B0256120477,Producto Computers&Accessories 1376,Computers&Accessories,1103.0,1433.0,23.0,4.5,3994.0
B0267717325,Producto Computers&Accessories 1377,Computers&Accessories,827.0,1532.0,46.0,3.8,2820.0
B0894522739,Producto Computers&Accessories 1378,Computers&Accessories,1942.0,3468.0,44.0,4.0,1643.0
B0535146947,Producto Computers&Accessories 1379,Computers&Accessories,519.0,1298.0,60.0,3.9,2044.0
B0293112099,Producto Electronics 1380,Electronics,2002.0,4550.0,56.0,3.8,2459.0
B0498956610,Producto Computers&Accessories 1381,Computers&Accessories,162.0,737.0,78.0,3.8,39263.0
B0202331012,Producto Car&Motorbike 1382,Car&Motorbike,1287.0,2859.0,55.0,4.1,2830.0
B0429329944,Producto Electronics 1383,Electronics,544.0,1296.0,58.0,3.5,5978.0
B0661184222,Producto Home&Kitchen 1384,Home&Kitchen,486.0,1278.0,62.0,4.0,4316.0
B0147792071,Producto Electronics 1385,Electronics,1265.0,3011.0,58.0,4.3,24478.0
B0567580633,Producto Home&Kitchen 1386,Home&Kitchen,1208.0,1610.0,25.0,4.1,4577.0
B0508437057,Producto Electronics 1387,Electronics,3907.0,5919.0,34.0,4.1,1151.0
B0745985947,Producto Car&Motorbike 1388,Car&Motorbike,282.0,881.0,68.0,3.8,3235.0
B0688065007,Producto Computers&Accessories 1389,Computers&Accessories,1507.0,3767.0,60.0,3.6,22410.0
B0345167096,Producto Electronics 1390,Electronics,4948.0,7277.0,32.0,4.3,8937.0
B0283839803,Producto Electronics 1391,Electronics,2126.0,2834.0,25.0,3.8,3118.0
B0901845897,Producto Electronics 1392,Electronics,7884.0,10512.0,25.0,3.9,1310.0
B0898120497,Producto Computers&Accessories 1393,Computers&Accessories,1125.0,2679.0,58.0,4.0,2238.0
B0480438182,Producto Electronics 1394,Electronics,1373.0,2543.0,46.0,4.2,1625.0
B0666569124,Producto Home&Kitchen 1395,Home&Kitchen,898.0,1340.0,33.0,4.5,783.0
B0487784892,Producto Computers&Accessories 1396,Computers&Accessories,3548.0,6570.0,46.0,4.4,10399.0
B0876689126,Producto Electronics 1397,Electronics,2690.0,4410.0,39.0,3.3,4665.0
B0161140948,Producto Computers&Accessories 1398,Computers&Accessories,1184.0,2754.0,57.0,4.0,5806.0
B0810901851,Producto Home&Kitchen 1399,Home&Kitchen,848.0,1766.0,52.0,3.7,12436.0
B0538308645,Producto Electronics 1400,Electronics,2746.0,6386.0,57.0,4.3,10752.0
B0719554679,Producto Electronics 1401,Electronics,2265.0,4356.0,48.0,4.0,950.0
B0708782624,Producto Electronics 1402,Electronics,2117.0,5163.0,59.0,4.2,5758.0
B0277937916,Producto Home&Kitchen 1403,Home&Kitchen,529.0,1322.0,60.0,3.9,10291.0
B0856055114,Producto Home&Kitchen 1404,Home&Kitchen,821.0,1440.0,43.0,3.7,3846.0
B0591488812,Producto Computers&Accessories 1405,Computers&Accessories,2774.0,4141.0,33.0,3.7,3730.0
B0781622955,Producto MusicalInstruments 1406,MusicalInstruments,1029.0,1336.0,23.0,3.5,401.0
B0797220148,Producto Home&Kitchen 1407,Home&Kitchen,496.0,1273.0,61.0,3.7,2518.0
B0525058478,Producto Computers&Accessories 1408,Computers&Accessories,792.0,1685.0,53.0,3.6,6071.0
B0422950816,Producto OfficeProducts 1409,OfficeProducts,104.0,180.0,42.0,3.7,3279.0
B0874725186,Producto Electronics 1410,Electronics,382.0,1032.0,63.0,3.8,890.0
B0123953881,Producto Electronics 1411,Electronics,2833.0,3373.0,16.0,4.1,6742.0
B0750489192,Producto Electronics 1412,Electronics,5401.0,6837.0,21.0,4.1,2980.0
B0779002381,Producto Electronics 1413,Electronics,2116.0,3919.0,46.0,4.1,5227.0
B0499534076,Producto Computers&Accessories 1414,Computers&Accessories,1003.0,1302.0,23.0,4.3,830.0
B0884718230,Producto Toys&Games 1415,Toys&Games,1362.0,1892.0,28.0,3.9,445.0
B0139119995,Producto Electronics 1416,Electronics,1562.0,2441.0,36.0,3.8,4220.0
B0870720437,Producto Electronics 1417,Electronics,820.0,1367.0,40.0,4.6,15384.0
B0997462647,Producto Computers&Accessories 1418,Computers&Accessories,2458.0,6642.0,63.0,4.3,12389.0
B0964109959,Producto Toys&Games 1419,Toys&Games,560.0,800.0,30.0,4.0,6741.0
B0397842869,Producto Electronics 1420,Electronics,4740.0,9673.0,51.0,4.1,6220.0
B0459057443,Producto Computers&Accessories 1421,Computers&Accessories,936.0,2079.0,55.0,4.1,1349.0
B0325068243,Producto Electronics 1422,Electronics,1863.0,3388.0,45.0,4.0,240.0
B0330231935,Producto Electronics 1423,Electronics,395.0,858.0,54.0,4.1,30245.0
B0655607987,Producto Health&PersonalCare 1424,Health&PersonalCare,200.0,358.0,44.0,4.1,3925.0
B0791069061,Producto Car&Motorbike 1425,Car&Motorbike,621.0,1773.0,65.0,3.9,2985.0
B0263081056,Producto Electronics 1426,Electronics,4169.0,5414.0,23.0,3.5,2849.0
B0199169179,Producto Car&Motorbike 1427,Car&Motorbike,560.0,1400.0,60.0,3.5,1465.0
B0945173425,Producto Home&Kitchen 1428,Home&Kitchen,347.0,991.0,65.0,4.3,4080.0
B0823809957,Producto OfficeProducts 1429,OfficeProducts,280.0,684.0,59.0,3.6,16021.0
B0929456285,Producto Computers&Accessories 1430,Computers&Accessories,635.0,814.0,22.0,4.1,4916.0
B0508475629,Producto Computers&Accessories 1431,Computers&Accessories,3039.0,5426.0,44.0,3.7,6310.0
B0324860650,Producto Computers&Accessories 1432,Computers&Accessories,1728.0,3677.0,53.0,3.7,3805.0
B0549369936,Producto Home&Kitchen 1433,Home&Kitchen,908.0,1150.0,21.0,3.8,7472.0
B0758834248,Producto Electronics 1434,Electronics,986.0,2294.0,57.0,4.1,12838.0
B0297710811,Producto Electronics 1435,Electronics,8299.0,11065.0,25.0,3.6,2354.0
B0940336821,Producto Electronics 1436,Electronics,1281.0,2002.0,36.0,3.8,3737.0
B0158833563,Producto Home&Kitchen 1437,Home&Kitchen,485.0,1055.0,54.0,4.0,13719.0
B0643833575,Producto Electronics 1438,Electronics,3033.0,8921.0,66.0,3.7,5040.0
B0186531067,Producto Home&Kitchen 1439,Home&Kitchen,648.0,1506.0,57.0,4.4,4472.0
B0614333103,Producto Car&Motorbike 1440,Car&Motorbike,176.0,244.0,28.0,3.5,2209.0
B0282285739,Producto Electronics 1441,Electronics,1654.0,4135.0,60.0,4.0,3352.0
B0288620347,Producto Home&Kitchen 1442,Home&Kitchen,569.0,780.0,27.0,4.3,4468.0
B0555883268,Producto Computers&Accessories 1443,Computers&Accessories,328.0,529.0,38.0,3.6,2243.0
B0420847812,Producto OfficeProducts 1444,OfficeProducts,226.0,434.0,48.0,4.0,4909.0
B0333621965,Producto Electronics 1445,Electronics,661.0,1272.0,48.0,4.1,2421.0
B0811074757,Producto Home&Kitchen 1446,Home&Kitchen,391.0,631.0,38.0,3.8,5251.0
B0319240326,Producto MusicalInstruments 1447,MusicalInstruments,1850.0,2984.0,38.0,4.0,6560.0
B0605792502,Producto Toys&Games 1448,Toys&Games,121.0,213.0,43.0,4.2,8773.0
B0444830096,Producto Home&Kitchen 1449,Home&Kitchen,1540.0,2369.0,35.0,3.9,6116.0
B0763996218,Producto Computers&Accessories 1450,Computers&Accessories,817.0,1634.0,50.0,4.2,12099.0
B0620348382,Producto Computers&Accessories 1451,Computers&Accessories,617.0,1122.0,45.0,4.1,5369.0
B0581053077,Producto OfficeProducts 1452,OfficeProducts,321.0,518.0,38.0,3.8,3947.0
B0645340204,Producto Computers&Accessories 1453,Computers&Accessories,601.0,801.0,25.0,4.3,2331.0
B0614444232,Producto Electronics 1454,Electronics,742.0,1279.0,42.0,3.8,7657.0
B0149359802,Producto Toys&Games 1455,Toys&Games,181.0,548.0,67.0,4.3,3880.0
B0801464399,Producto Home&Kitchen 1456,Home&Kitchen,915.0,1551.0,41.0,3.8,465.0
B0157293283,Producto Home&Kitchen 1457,Home&Kitchen,855.0,1781.0,52.0,3.9,2481.0
B0704445153,Producto Electronics 1458,Electronics,1065.0,2265.0,53.0,4.0,10085.0
B0372367116,Producto Home&Kitchen 1459,Home&Kitchen,894.0,1064.0,16.0,4.0,5465.0
B0444996178,Producto Computers&Accessories 1460,Computers&Accessories,1451.0,2460.0,41.0,3.3,3737.0
B0527239691,Producto Home&Kitchen 1461,Home&Kitchen,1561.0,3469.0,55.0,4.2,27489.0
B0492777635,Producto Electronics 1462,Electronics,2284.0,3514.0,35.0,4.0,5643.0
B0509356553,Producto Home&Kitchen 1463,Home&Kitchen,335.0,728.0,54.0,4.1,2331.0
B0385184527,Producto Health&PersonalCare 1464,Health&PersonalCare,78.0,228.0,66.0,4.2,2469.0
