product_id,product_name,category,discounted_price,actual_price,discount_percentage,rating,rating_count
B0416836764,Producto Computers&Accessories 0,Computers&Accessories,₹874,"₹4,163",79%,4.1,"8,922"
B0490841834,Producto Car&Motorbike 1,Car&Motorbike,₹510,"₹1,021",50%,|,"13,556"
B0128388400,Producto Home&Kitchen 2,Home&Kitchen,"₹1,128","₹1,880",40%,3.2,"1,326"
B0269299842,Producto Computers&Accessories 3,Computers&Accessories,"₹1,301","₹2,711",52%,3.7,"5,650"
B0199799663,Producto Electronics 4,Electronics,"₹4,168","₹6,833",39%,4.1,"3,386"
B0861523652,Producto Electronics 5,Electronics,"₹2,365","₹5,032",53%,3.3,"2,155"
B0244323899,Producto Electronics 6,Electronics,"₹2,764","₹7,896",65%,|,"8,315"
B0762925398,Producto OfficeProducts 7,OfficeProducts,₹303,₹541,44%,4.2,"12,430"
B0358525053,Producto Computers&Accessories 8,Computers&Accessories,₹382,₹627,39%,4.2,"3,472"
B0623279833,Producto Home&Kitchen 9,Home&Kitchen,₹136,₹238,43%,4.2,"13,162"
B0117035545,Producto Electronics 10,Electronics,₹272,₹717,62%,4.3,"2,862"
B0492279113,Producto Car&Motorbike 11,Car&Motorbike,₹529,₹979,46%,4.5,"14,738"
B0578257604,Producto MusicalInstruments 12,MusicalInstruments,"₹1,706","₹2,843",40%,4.3,"5,345"
B0299946286,Producto Electronics 13,Electronics,"₹1,228","₹1,833",33%,4.0,"5,097"
B0198043467,Producto Electronics 14,Electronics,"₹1,248","₹1,863",33%,3.9,"1,039"
B0536071519,Producto Electronics 15,Electronics,"₹1,811","₹2,293",21%,4.0,"2,092"
B0133061801,Producto Electronics 16,Electronics,"₹1,444","₹3,282",56%,4.0,"4,820"
B0629025054,Producto Computers&Accessories 17,Computers&Accessories,"₹3,129","₹5,395",42%,4.3,"11,672"
B0443878165,Producto Computers&Accessories 18,Computers&Accessories,₹209,₹308,32%,4.1,"3,294"
B0519153936,Producto Electronics 19,Electronics,"₹2,058","₹5,415",62%,3.9,"2,155"
B0976698835,Producto Computers&Accessories 20,Computers&Accessories,"₹1,989","₹3,157",37%,4.4,"6,015"
B0611481491,Producto Electronics 21,Electronics,"₹1,743","₹2,723",36%,3.9,"15,802"
B0795051498,Producto Electronics 22,Electronics,"₹2,181","₹4,452",51%,3.8,"5,715"
B0462705287,Producto Computers&Accessories 23,Computers&Accessories,₹645,"₹1,793",64%,4.1,"4,529"
B0395410670,Producto Computers&Accessories 24,Computers&Accessories,"₹2,021","₹3,109",35%,3.8,"4,416"
B0557523553,Producto Home&Kitchen 25,Home&Kitchen,₹442,₹582,24%,4.2,"1,527"
B0581276208,Producto Electronics 26,Electronics,₹871,"₹1,383",37%,3.8,"11,145"
B0612218710,Producto Computers&Accessories 27,Computers&Accessories,₹159,₹270,41%,4.0,"12,748"
B0896210725,Producto Computers&Accessories 28,Computers&Accessories,"₹1,256","₹2,792",55%,4.3,"2,170"
B0516861748,Producto Electronics 29,Electronics,₹742,"₹2,006",63%,3.9,"14,763"
B0583567131,Producto Computers&Accessories 30,Computers&Accessories,₹111,₹428,74%,4.2,"7,941"
B0830494540,Producto Electronics 31,Electronics,₹590,"₹1,405",58%,3.8,"8,041"
B0252655772,Producto Electronics 32,Electronics,"₹2,782","₹4,968",44%,4.1,"4,576"
B0603773692,Producto Toys&Games 33,Toys&Games,₹669,₹847,21%,4.1,"3,697"
B0774562759,Producto Car&Motorbike 34,Car&Motorbike,₹294,₹544,46%,4.0,"2,421"
B0469374602,Producto Home&Kitchen 35,Home&Kitchen,"₹2,362","₹3,150",25%,4.0,"1,365"
B0955076270,Producto Electronics 36,Electronics,"₹1,194","₹3,143",62%,4.2,"2,115"
B0243141548,Producto Electronics 37,Electronics,"₹2,635","₹4,706",44%,3.9,"10,040"
B0554538001,Producto Home&Kitchen 38,Home&Kitchen,"₹1,015","₹1,390",27%,4.2,"4,650"
B0882656344,Producto Computers&Accessories 39,Computers&Accessories,₹945,"₹1,658",43%,4.4,"2,155"
B0156479920,Producto Electronics 40,Electronics,"₹1,837","₹4,480",59%,3.8,"5,008"
B0585337532,Producto Computers&Accessories 41,Computers&Accessories,"₹1,953","₹4,543",57%,4.5,854
B0647028706,Producto Electronics 42,Electronics,"₹1,464","₹2,615",44%,3.9,"1,674"
B0367250814,Producto HomeImprovement 43,HomeImprovement,"₹1,409","₹1,698",17%,4.5,"10,261"
B0443870812,Producto Electronics 44,Electronics,₹623,"₹1,831",66%,4.0,"3,255"
B0733997332,Producto Home&Kitchen 45,Home&Kitchen,"₹1,905","₹3,969",52%,4.2,"12,340"
B0403602679,Producto Electronics 46,Electronics,₹794,"₹1,620",51%,4.2,"4,782"
B0262992838,Producto Computers&Accessories 47,Computers&Accessories,"₹4,223","₹8,122",48%,3.9,"7,727"
B0404978620,Producto Computers&Accessories 48,Computers&Accessories,₹426,₹656,35%,4.0,"1,180"
B0970872907,Producto Electronics 49,Electronics,₹500,"₹2,500",80%,4.5,"12,011"
B0236588707,Producto Car&Motorbike 50,Car&Motorbike,₹784,"₹1,743",55%,3.9,212
B0806863255,Producto Home&Kitchen 51,Home&Kitchen,"₹1,140","₹2,850",60%,3.9,"3,213"
B0756755871,Producto Toys&Games 52,Toys&Games,₹900,"₹2,144",58%,3.7,"11,647"
B0923298906,Producto OfficeProducts 53,OfficeProducts,"₹1,201","₹1,740",31%,4.4,"4,712"
B0268349151,Producto Computers&Accessories 54,Computers&Accessories,"₹2,035","₹2,826",28%,3.8,"1,248"
B0957531834,Producto Toys&Games 55,Toys&Games,₹219,₹385,43%,4.3,"12,687"
B0165359967,Producto Electronics 56,Electronics,"₹3,991","₹6,543",39%,3.8,"16,931"
B0274804319,Producto Electronics 57,Electronics,"₹2,971","₹7,074",58%,4.4,"4,816"
B0310587609,Producto Electronics 58,Electronics,"₹2,005","₹4,178",52%,4.3,825
B0405802093,Producto Electronics 59,Electronics,"₹1,367","₹2,136",36%,3.9,"3,981"
B0961670993,Producto Computers&Accessories 60,Computers&Accessories,₹573,₹764,25%,3.8,"5,894"
B0689288063,Producto Electronics 61,Electronics,"₹1,033","₹1,813",43%,3.8,"3,257"
B0450006630,Producto Home&Kitchen 62,Home&Kitchen,₹299,₹650,54%,3.8,259
B0167970180,Producto Computers&Accessories 63,Computers&Accessories,"₹1,518","₹2,138",29%,4.3,"7,310"
B0991877775,Producto Electronics 64,Electronics,"₹4,196","₹6,767",38%,4.0,"1,959"
B0945855882,Producto Computers&Accessories 65,Computers&Accessories,₹815,"₹2,263",64%,3.7,"2,954"
B0411744757,Producto Electronics 66,Electronics,₹294,"₹1,130",74%,4.0,931
B0617405986,Producto Home&Kitchen 67,Home&Kitchen,"₹1,579","₹2,051",23%,3.9,81
B0793989487,Producto Electronics 68,Electronics,"₹5,202","₹11,308",54%,3.4,999
B0291897290,Producto Health&PersonalCare 69,Health&PersonalCare,₹317,₹538,41%,3.9,"2,394"
B0799471017,Producto Home&Kitchen 70,Home&Kitchen,₹483,₹700,31%,4.2,"2,417"
B0699537238,Producto Electronics 71,Electronics,"₹1,058","₹1,374",23%,3.9,"10,192"
B0733507152,Producto Electronics 72,Electronics,"₹2,147","₹5,237",59%,4.1,"1,766"
B0851912073,Producto Home&Kitchen 73,Home&Kitchen,"₹1,503","₹3,495",57%,4.2,"12,093"
B0133715793,Producto Home&Kitchen 74,Home&Kitchen,₹537,₹976,45%,3.9,"4,799"
B0850699755,Producto Home&Kitchen 75,Home&Kitchen,₹328,₹801,59%,4.3,"20,558"
B0908433287,Producto Home&Kitchen 76,Home&Kitchen,₹502,"₹1,322",62%,4.5,"6,178"
B0817164538,Producto Electronics 77,Electronics,"₹3,121","₹5,780",46%,3.6,"3,117"
B0174464258,Producto Computers&Accessories 78,Computers&Accessories,₹601,"₹1,093",45%,|,121
B0371546483,Producto Electronics 79,Electronics,"₹2,172","₹3,950",45%,4.7,"1,703"
B0823793367,Producto OfficeProducts 80,OfficeProducts,₹500,₹962,48%,4.1,"4,188"
B0295210370,Producto Computers&Accessories 81,Computers&Accessories,"₹1,554","₹3,172",51%,4.0,"4,202"
B0495217829,Producto Electronics 82,Electronics,₹493,"₹1,263",61%,4.0,"11,075"
B0622952577,Producto Electronics 83,Electronics,"₹1,157","₹1,523",24%,4.3,"5,816"
B0806088418,Producto Electronics 84,Electronics,"₹1,247","₹3,564",65%,3.8,"15,712"
B0378916496,Producto Electronics 85,Electronics,"₹4,358","₹5,516",21%,4.2,"7,803"
B0246728136,Producto Home&Kitchen 86,Home&Kitchen,"₹2,499","₹4,715",47%,3.9,"8,310"
B0803574307,Producto Home&Kitchen 87,Home&Kitchen,₹244,₹443,45%,3.8,"16,985"
B0272433374,Producto OfficeProducts 88,OfficeProducts,₹274,₹805,66%,4.0,"11,119"
B0816166753,Producto Computers&Accessories 89,Computers&Accessories,₹916,"₹2,081",56%,4.0,"14,051"
B0637048279,Producto Electronics 90,Electronics,"₹2,022","₹2,324",13%,3.8,362
B0973100923,Producto Home&Kitchen 91,Home&Kitchen,"₹1,266","₹2,753",54%,4.3,"4,159"
B0609915720,Producto Home&Kitchen 92,Home&Kitchen,"₹1,621","₹1,885",14%,3.7,"3,594"
B0935499897,Producto Computers&Accessories 93,Computers&Accessories,"₹1,764","₹3,208",45%,4.1,"4,988"
B0138578154,Producto Home&Kitchen 94,Home&Kitchen,₹388,₹417,7%,4.1,"1,282"
B0947875713,Producto Computers&Accessories 95,Computers&Accessories,₹704,"₹1,564",55%,4.1,"10,037"
B0639346388,Producto Computers&Accessories 96,Computers&Accessories,"₹1,386","₹2,166",36%,4.2,"10,324"
B0635305633,Producto Computers&Accessories 97,Computers&Accessories,"₹1,470","₹2,371",38%,3.9,"3,619"
B0165015834,Producto Electronics 98,Electronics,"₹11,686","₹14,607",20%,4.1,"2,674"
B0697665444,Producto Electronics 99,Electronics,"₹1,570","₹2,617",40%,4.2,"2,810"
B0253377347,Producto Electronics 100,Electronics,₹101,₹140,28%,4.2,"8,090"
B0930136333,Producto Home&Kitchen 101,Home&Kitchen,₹630,"₹1,313",52%,3.5,"2,784"
B0594622817,Producto Electronics 102,Electronics,"₹3,425","₹4,824",29%,4.1,"4,032"
B0950235670,Producto Computers&Accessories 103,Computers&Accessories,"₹1,651","₹2,172",24%,4.2,"9,949"
B0678355689,Producto HomeImprovement 104,HomeImprovement,₹42,₹100,58%,3.9,"6,197"
B0900654296,Producto Electronics 105,Electronics,"₹2,780","₹4,149",33%,3.8,"3,640"
B0173941952,Producto Computers&Accessories 106,Computers&Accessories,"₹1,325","₹3,082",57%,3.8,"2,507"
B0616218738,Producto Home&Kitchen 107,Home&Kitchen,₹187,₹374,50%,3.7,"3,949"
B0605251574,Producto Electronics 108,Electronics,"₹1,371","₹1,853",26%,4.2,"1,855"
B0616700783,Producto Electronics 109,Electronics,"₹2,571","₹3,174",19%,4.6,"5,214"
B0400923086,Producto Electronics 110,Electronics,"₹1,394","₹2,080",33%,3.8,"2,209"
B0913602655,Producto Electronics 111,Electronics,"₹1,833","₹2,381",23%,3.8,"2,207"
B0532408397,Producto Toys&Games 112,Toys&Games,₹583,₹940,38%,4.0,"4,091"
B0438472168,Producto Home&Kitchen 113,Home&Kitchen,₹434,₹735,41%,3.6,"12,230"
B0525282132,Producto Home&Kitchen 114,Home&Kitchen,₹146,₹275,47%,3.8,"5,660"
B0645168054,Producto OfficeProducts 115,OfficeProducts,₹730,"₹1,258",42%,4.0,"1,211"
B0994579950,Producto Home&Kitchen 116,Home&Kitchen,₹156,₹487,68%,3.8,"3,796"
B0248623609,Producto Electronics 117,Electronics,"₹2,032","₹2,822",28%,4.3,"2,400"
B0457176902,Producto OfficeProducts 118,OfficeProducts,₹153,₹438,65%,3.7,"2,498"
B0647959523,Producto Computers&Accessories 119,Computers&Accessories,₹276,₹707,61%,4.3,"3,384"
B0716934996,Producto Home&Kitchen 120,Home&Kitchen,"₹1,500","₹2,308",35%,4.4,"3,769"
B0204095627,Producto OfficeProducts 121,OfficeProducts,₹640,"₹1,143",44%,4.1,"2,249"
B0197998606,Producto Electronics 122,Electronics,"₹1,453","₹2,421",40%,4.0,"2,060"
B0548792353,Producto Electronics 123,Electronics,"₹1,416","₹3,294",57%,4.1,"3,005"
B0799002091,Producto Electronics 124,Electronics,"₹1,920","₹3,622",47%,3.9,"2,343"
B0967945510,Producto Computers&Accessories 125,Computers&Accessories,₹300,₹749,60%,3.5,"1,619"
B0618437861,Producto Home&Kitchen 126,Home&Kitchen,₹231,₹513,55%,3.8,"7,313"
B0699583437,Producto OfficeProducts 127,OfficeProducts,₹469,₹651,28%,4.0,"2,500"
B0440275382,Producto Electronics 128,Electronics,₹497,"₹1,104",55%,3.8,"3,627"
B0794423226,Producto Computers&Accessories 129,Computers&Accessories,"₹1,171","₹2,019",42%,3.9,"3,105"
B0563339549,Producto Computers&Accessories 130,Computers&Accessories,₹63,₹139,55%,4.2,"2,821"
B0951080579,Producto Electronics 131,Electronics,₹786,"₹2,311",66%,4.1,"2,242"
B0169477118,Producto Electronics 132,Electronics,"₹1,856","₹4,124",55%,4.3,"10,126"
B0461086094,Producto Electronics 133,Electronics,"₹2,806","₹3,897",28%,4.1,"1,606"
B0952786594,Producto Toys&Games 134,Toys&Games,"₹1,124","₹1,629",31%,4.1,"1,760"
B0795018476,Producto Electronics 135,Electronics,₹562,"₹1,196",53%,3.8,"9,686"
B0431902006,Producto Computers&Accessories 136,Computers&Accessories,₹991,"₹1,944",49%,3.6,"2,181"
B0356281537,Producto Home&Kitchen 137,Home&Kitchen,₹759,"₹2,371",68%,4.0,"5,444"
B0896315371,Producto Computers&Accessories 138,Computers&Accessories,"₹1,307","₹2,562",49%,3.8,"3,026"
B0961675067,Producto Health&PersonalCare 139,Health&PersonalCare,₹509,₹878,42%,4.0,"4,097"
B0246038807,Producto Car&Motorbike 140,Car&Motorbike,₹228,₹415,45%,3.7,"11,665"
B0622811819,Producto Electronics 141,Electronics,"₹2,029","₹3,498",42%,4.2,"2,250"
B0485420126,Producto Computers&Accessories 142,Computers&Accessories,"₹1,162","₹1,735",33%,3.8,"5,797"
B0292378836,Producto Electronics 143,Electronics,"₹1,357","₹3,571",62%,4.0,"9,318"
B0361056002,Producto Electronics 144,Electronics,₹947,"₹1,661",43%,4.0,"7,280"
B0323107583,Producto Electronics 145,Electronics,"₹4,762","₹7,937",40%,4.3,"14,431"
B0564383045,Producto Computers&Accessories 146,Computers&Accessories,"₹2,234","₹3,385",34%,4.5,314
B0944878495,Producto Computers&Accessories 147,Computers&Accessories,"₹1,187","₹4,566",74%,4.6,"1,547"
B0126128257,Producto Electronics 148,Electronics,"₹3,005","₹4,117",27%,3.6,"1,117"
B0904617303,Producto Electronics 149,Electronics,"₹1,437","₹1,819",21%,3.8,"1,845"
B0216435820,Producto HomeImprovement 150,HomeImprovement,₹913,"₹1,548",41%,3.8,"4,760"
B0810566458,Producto Electronics 151,Electronics,"₹5,276","₹7,994",34%,4.1,"1,679"
B0271487995,Producto Electronics 152,Electronics,"₹2,591","₹4,113",37%,4.1,"1,724"
B0740763098,Producto Computers&Accessories 153,Computers&Accessories,₹431,₹918,53%,3.9,"4,929"
B0425796552,Producto Health&PersonalCare 154,Health&PersonalCare,₹153,₹306,50%,3.8,"6,340"
B0759633910,Producto Electronics 155,Electronics,₹996,"₹3,434",71%,3.8,"4,957"
B0515081741,Producto Home&Kitchen 156,Home&Kitchen,"₹2,148","₹3,255",34%,3.2,"3,935"
B0527346738,Producto Home&Kitchen 157,Home&Kitchen,"₹2,553","₹3,927",35%,3.6,489
B0395724682,Producto Electronics 158,Electronics,₹774,"₹1,579",51%,4.3,"2,663"
B0770709837,Producto Home&Kitchen 159,Home&Kitchen,₹848,"₹1,631",48%,4.4,"2,015"
B0578490191,Producto Computers&Accessories 160,Computers&Accessories,₹594,"₹1,263",53%,4.4,"3,390"
B0276461833,Producto Home&Kitchen 161,Home&Kitchen,₹281,₹375,25%,4.2,"3,571"
B0944961235,Producto Home&Kitchen 162,Home&Kitchen,₹931,"₹1,899",51%,3.7,429
B0550618703,Producto Computers&Accessories 163,Computers&Accessories,"₹1,212","₹2,331",48%,3.7,"2,257"
B0788988795,Producto Electronics 164,Electronics,"₹2,149","₹3,907",45%,3.5,"1,641"
B0976766393,Producto MusicalInstruments 165,MusicalInstruments,"₹1,339","₹2,195",39%,3.8,647
B0532635000,Producto Electronics 166,Electronics,"₹3,178","₹4,182",24%,4.0,"5,528"
B0636967759,Producto Electronics 167,Electronics,"₹1,871","₹4,068",54%,3.8,"4,238"
B0291634125,Producto Electronics 168,Electronics,"₹3,898","₹5,997",35%,4.1,"2,447"
B0361696052,Producto Computers&Accessories 169,Computers&Accessories,₹822,"₹1,027",20%,4.1,669
B0132388763,Producto Home&Kitchen 170,Home&Kitchen,"₹1,765","₹2,323",24%,3.8,"10,994"
B0447800849,Producto Electronics 171,Electronics,"₹3,367","₹5,612",40%,3.6,"2,648"
B0300391065,Producto Computers&Accessories 172,Computers&Accessories,"₹1,779","₹2,655",33%,4.4,"2,073"
B0845013605,Producto Electronics 173,Electronics,"₹1,706","₹3,412",50%,4.0,"2,814"
B0234477446,Producto Home&Kitchen 174,Home&Kitchen,₹372,"₹1,161",68%,4.6,"4,869"
B0998482092,Producto Electronics 175,Electronics,"₹2,181","₹3,116",30%,4.0,"14,480"
B0701143393,Producto Home&Kitchen 176,Home&Kitchen,₹627,"₹1,280",51%,4.1,"6,177"
B0611890414,Producto Computers&Accessories 177,Computers&Accessories,₹266,₹484,45%,3.7,"1,139"
B0402537414,Producto Toys&Games 178,Toys&Games,"₹1,427","₹3,037",53%,3.9,"8,134"
B0646664416,Producto Electronics 179,Electronics,"₹1,738","₹6,952",75%,3.7,"3,368"
B0546209971,Producto Electronics 180,Electronics,"₹6,429","₹10,539",39%,3.6,41
B0307584369,Producto Electronics 181,Electronics,"₹3,860","₹5,216",26%,4.2,"6,818"
B0239021798,Producto Toys&Games 182,Toys&Games,₹182,₹443,59%,4.0,"9,063"
B0499052564,Producto OfficeProducts 183,OfficeProducts,₹699,₹945,26%,3.8,"2,278"
B0479581680,Producto Electronics 184,Electronics,"₹2,922","₹5,963",51%,3.8,"2,186"
B0647598491,Producto Home&Kitchen 185,Home&Kitchen,₹292,₹550,47%,3.9,"8,300"
B0510784095,Producto Home&Kitchen 186,Home&Kitchen,"₹1,538","₹2,958",48%,4.3,"2,568"
B0388116779,Producto Computers&Accessories 187,Computers&Accessories,₹574,"₹1,473",61%,4.1,"12,422"
B0749525839,Producto Computers&Accessories 188,Computers&Accessories,"₹1,598","₹3,474",54%,3.7,"2,071"
B0254860855,Producto Electronics 189,Electronics,"₹6,132","₹8,637",29%,4.3,"3,691"
B0992256393,Producto Electronics 190,Electronics,"₹3,160","₹4,104",23%,4.4,"5,605"
B0792309654,Producto OfficeProducts 191,OfficeProducts,₹798,"₹1,735",54%,4.2,"6,040"
B0470640815,Producto HomeImprovement 192,HomeImprovement,₹127,₹245,48%,4.3,"2,405"
B0973961907,Producto Home&Kitchen 193,Home&Kitchen,₹109,₹456,76%,4.4,"9,214"
B0687358350,Producto Electronics 194,Electronics,₹753,"₹1,637",54%,3.6,"6,726"
B0366181631,Producto Electronics 195,Electronics,₹360,₹590,39%,4.5,"1,677"
B0370358326,Producto Home&Kitchen 196,Home&Kitchen,"₹1,955","₹3,258",40%,4.3,"6,756"
B0262471210,Producto OfficeProducts 197,OfficeProducts,₹544,"₹1,469",63%,4.2,"4,888"
B0866832177,Producto OfficeProducts 198,OfficeProducts,₹309,₹412,25%,3.9,"1,147"
B0490945029,Producto Home&Kitchen 199,Home&Kitchen,"₹1,359","₹4,853",72%,3.7,"6,079"
B0697322239,Producto Home&Kitchen 200,Home&Kitchen,₹581,₹985,41%,3.9,"7,553"
B0518904736,Producto Electronics 201,Electronics,"₹4,652","₹10,819",57%,4.2,"3,019"
B0956141885,Producto Electronics 202,Electronics,"₹6,139","₹10,963",44%,3.7,"4,894"
B0125327158,Producto OfficeProducts 203,OfficeProducts,₹299,₹393,24%,3.9,"2,197"
B0718001830,Producto Computers&Accessories 204,Computers&Accessories,"₹2,049","₹3,725",45%,3.7,"6,010"
B0250459787,Producto Electronics 205,Electronics,"₹3,633","₹7,124",49%,3.9,"9,459"
B0597246067,Producto Electronics 206,Electronics,₹999,"₹1,922",48%,3.6,"4,415"
B0803629283,Producto Home&Kitchen 207,Home&Kitchen,₹54,₹100,46%,3.6,"6,159"
B0909211934,Producto Electronics 208,Electronics,"₹4,394","₹5,858",25%,4.1,"7,155"
B0199892553,Producto Electronics 209,Electronics,₹415,"₹1,596",74%,3.9,"2,994"
B0663256244,Producto Computers&Accessories 210,Computers&Accessories,₹618,"₹1,873",67%,3.9,"3,413"
B0404991009,Producto Home&Kitchen 211,Home&Kitchen,₹909,"₹1,443",37%,3.8,"4,882"
B0885171624,Producto Home&Kitchen 212,Home&Kitchen,"₹1,005","₹1,896",47%,4.8,"16,539"
B0316508681,Producto Electronics 213,Electronics,"₹1,606","₹2,510",36%,4.2,"1,140"
B0381201098,Producto Home&Kitchen 214,Home&Kitchen,₹760,"₹1,521",50%,4.2,"7,494"
B0865557944,Producto Electronics 215,Electronics,"₹5,389","₹7,485",28%,3.8,"7,810"
B0853729869,Producto Electronics 216,Electronics,₹233,₹416,44%,4.2,"3,948"
B0301755138,Producto Home&Kitchen 217,Home&Kitchen,₹183,₹321,43%,3.9,"3,916"
B0515316408,Producto Home&Kitchen 218,Home&Kitchen,₹207,₹423,51%,3.8,"3,952"
B0569428896,Producto MusicalInstruments 219,MusicalInstruments,₹532,"₹1,611",67%,4.6,"6,364"
B0597583875,Producto Home&Kitchen 220,Home&Kitchen,₹582,"₹2,156",73%,4.2,"2,781"
B0151264422,Producto Computers&Accessories 221,Computers&Accessories,"₹2,244","₹4,234",47%,4.2,"4,227"
B0278158127,Producto Electronics 222,Electronics,"₹1,085","₹2,855",62%,3.8,"2,148"
B0656105981,Producto Computers&Accessories 223,Computers&Accessories,₹429,"₹1,788",76%,3.7,"8,082"
B0833568334,Producto Electronics 224,Electronics,"₹4,686","₹8,367",44%,4.0,545
B0398165647,Producto Electronics 225,Electronics,"₹2,764","₹3,893",29%,3.8,"6,275"
B0582806949,Producto Health&PersonalCare 226,Health&PersonalCare,₹253,₹367,31%,4.1,"8,420"
B0500526595,Producto Computers&Accessories 227,Computers&Accessories,"₹3,354","₹3,900",14%,4.1,"3,513"
B0991434871,Producto OfficeProducts 228,OfficeProducts,₹381,"₹1,155",67%,4.1,"19,098"
B0616540534,Producto Home&Kitchen 229,Home&Kitchen,₹686,"₹1,673",59%,4.3,"8,098"
B0689213594,Producto Home&Kitchen 230,Home&Kitchen,₹255,₹773,67%,4.1,"7,138"
B0252289749,Producto Computers&Accessories 231,Computers&Accessories,₹384,₹872,56%,3.8,510
B0774313685,Producto Computers&Accessories 232,Computers&Accessories,₹694,₹950,27%,3.9,"7,604"
B0304749584,Producto Computers&Accessories 233,Computers&Accessories,₹570,"₹1,000",43%,4.0,"1,681"
B0130596588,Producto Electronics 234,Electronics,₹501,"₹1,473",66%,4.3,"2,110"
B0916584543,Producto Home&Kitchen 235,Home&Kitchen,₹315,₹807,61%,4.1,"6,311"
B0193582835,Producto Electronics 236,Electronics,"₹1,616","₹3,297",51%,3.9,"2,052"
B0454747461,Producto Electronics 237,Electronics,"₹2,522","₹3,603",30%,4.2,"3,318"
B0268891061,Producto Home&Kitchen 238,Home&Kitchen,₹369,₹444,17%,4.0,"7,385"
B0567274592,Producto Electronics 239,Electronics,"₹1,766","₹4,013",56%,4.5,"19,053"
B0388144135,Producto Toys&Games 240,Toys&Games,₹273,₹802,66%,4.1,"3,119"
B0538982001,Producto Car&Motorbike 241,Car&Motorbike,₹356,"₹1,147",69%,3.8,"4,195"
B0545659132,Producto HomeImprovement 242,HomeImprovement,₹349,₹601,42%,4.3,"14,993"
B0318775732,Producto Computers&Accessories 243,Computers&Accessories,₹212,₹756,72%,3.9,"10,699"
B0326045923,Producto Electronics 244,Electronics,"₹3,716","₹5,022",26%,4.0,"1,620"
B0576048388,Producto Toys&Games 245,Toys&Games,₹287,₹797,64%,4.1,"3,121"
B0793216452,Producto Computers&Accessories 246,Computers&Accessories,"₹1,618","₹2,697",40%,4.0,
B0872165678,Producto Car&Motorbike 247,Car&Motorbike,₹599,₹881,32%,3.9,327
B0421585097,Producto Car&Motorbike 248,Car&Motorbike,₹366,₹795,54%,3.6,"8,854"
B0299151143,Producto OfficeProducts 249,OfficeProducts,₹899,"₹1,342",33%,3.7,"8,944"
B0170079097,Producto Electronics 250,Electronics,"₹1,602","₹2,627",39%,4.3,"3,488"
B0464789382,Producto Computers&Accessories 251,Computers&Accessories,"₹1,263","₹2,339",46%,4.1,"14,499"
B0936785291,Producto OfficeProducts 252,OfficeProducts,₹269,₹625,57%,4.6,"9,430"
B0326451293,Producto Electronics 253,Electronics,₹777,"₹1,618",52%,3.7,"1,149"
B0481744792,Producto Electronics 254,Electronics,"₹1,613","₹2,304",30%,|,"3,992"
B0454985499,Producto Computers&Accessories 255,Computers&Accessories,"₹2,264","₹7,302",69%,4.4,"3,412"
B0521492138,Producto Toys&Games 256,Toys&Games,₹147,₹408,64%,3.9,"6,026"
B0248705868,Producto Home&Kitchen 257,Home&Kitchen,₹529,"₹1,323",60%,3.9,"1,260"
B0193376048,Producto Computers&Accessories 258,Computers&Accessories,₹638,"₹1,204",47%,3.9,"14,011"
B0455293013,Producto Electronics 259,Electronics,"₹1,688","₹3,184",47%,3.9,"6,833"
B0551909905,Producto Computers&Accessories 260,Computers&Accessories,₹727,"₹1,136",36%,4.1,"2,751"
B0284436250,Producto Health&PersonalCare 261,Health&PersonalCare,₹180,₹327,45%,3.5,"4,137"
B0705696839,Producto Electronics 262,Electronics,₹361,₹820,56%,4.5,"6,016"
B0660624348,Producto Computers&Accessories 263,Computers&Accessories,₹941,"₹2,240",58%,3.8,"15,206"
B0476962681,Producto OfficeProducts 264,OfficeProducts,₹164,₹497,67%,3.5,"3,946"
B0705772136,Producto Home&Kitchen 265,Home&Kitchen,"₹1,142","₹1,813",37%,4.0,"4,706"
B0141960441,Producto Home&Kitchen 266,Home&Kitchen,₹465,"₹1,192",61%,3.9,"1,046"
B0659823940,Producto Home&Kitchen 267,Home&Kitchen,₹272,₹664,59%,4.0,"6,014"
B0199454534,Producto Computers&Accessories 268,Computers&Accessories,₹533,₹874,39%,4.1,"6,040"
B0892967829,Producto Electronics 269,Electronics,"₹2,987","₹3,319",10%,4.1,984
B0143103662,Producto Home&Kitchen 270,Home&Kitchen,"₹2,126","₹2,995",29%,4.4,"7,891"
B0988120053,Producto Home&Kitchen 271,Home&Kitchen,₹606,₹777,22%,3.8,227
B0464129987,Producto OfficeProducts 272,OfficeProducts,₹60,₹100,40%,4.2,"3,852"
B0939367711,Producto HomeImprovement 273,HomeImprovement,₹698,"₹1,164",40%,4.2,935
B0414922962,Producto Computers&Accessories 274,Computers&Accessories,"₹2,510","₹4,649",46%,3.3,"3,143"
B0878297964,Producto Computers&Accessories 275,Computers&Accessories,"₹1,107","₹3,075",64%,3.8,"3,293"
B0403949664,Producto Home&Kitchen 276,Home&Kitchen,₹225,₹402,44%,3.6,"5,208"
B0491073280,Producto Home&Kitchen 277,Home&Kitchen,₹506,"₹1,367",63%,4.2,"5,419"
B0805183925,Producto Home&Kitchen 278,Home&Kitchen,"₹1,661","₹2,244",26%,4.1,"5,342"
B0104725421,Producto Home&Kitchen 279,Home&Kitchen,₹563,₹880,36%,4.1,"4,433"
B0212454312,Producto OfficeProducts 280,OfficeProducts,₹325,₹422,23%,3.9,"7,574"
B0250022391,Producto Electronics 281,Electronics,₹825,"₹2,171",62%,4.0,"10,900"
B0688679787,Producto Computers&Accessories 282,Computers&Accessories,₹800,"₹1,778",55%,4.0,"2,358"
B0732258417,Producto Electronics 283,Electronics,₹662,"₹1,142",42%,3.9,"8,992"
B0412472872,Producto Computers&Accessories 284,Computers&Accessories,"₹1,469","₹2,408",39%,4.2,"6,294"
B0790988807,Producto Electronics 285,Electronics,"₹2,757","₹3,996",31%,3.7,"8,114"
B0492249247,Producto Computers&Accessories 286,Computers&Accessories,"₹1,169","₹2,541",54%,3.8,"1,528"
B0874412317,Producto Computers&Accessories 287,Computers&Accessories,₹926,"₹2,012",54%,4.1,"1,307"
B0975287853,Producto Electronics 288,Electronics,₹787,"₹1,109",29%,3.9,920
B0333481691,Producto Computers&Accessories 289,Computers&Accessories,₹951,"₹1,698",44%,3.7,"11,534"
B0233610344,Producto Electronics 290,Electronics,"₹5,218","₹10,436",50%,4.2,"13,107"
B0157095519,Producto Electronics 291,Electronics,"₹1,815","₹3,946",54%,3.9,"9,613"
B0893256920,Producto Home&Kitchen 292,Home&Kitchen,₹236,₹621,62%,3.8,"1,049"
B0463064801,Producto Computers&Accessories 293,Computers&Accessories,"₹1,985","₹3,202",38%,3.9,"8,208"
B0386050620,Producto Electronics 294,Electronics,"₹6,627","₹10,519",37%,3.7,837
B0196408972,Producto Computers&Accessories 295,Computers&Accessories,"₹1,135","₹2,702",58%,4.0,66
B0885742936,Producto Home&Kitchen 296,Home&Kitchen,₹296,"₹1,097",73%,4.0,"3,854"
B0347065318,Producto Electronics 297,Electronics,"₹4,384","₹7,970",45%,3.9,"3,588"
B0432480637,Producto Computers&Accessories 298,Computers&Accessories,₹551,"₹1,378",60%,3.9,"13,648"
B0251161404,Producto Electronics 299,Electronics,"₹3,768","₹6,610",43%,4.3,"1,720"
B0486450859,Producto Electronics 300,Electronics,"₹1,370","₹2,076",34%,4.1,"20,242"
B0845874416,Producto Computers&Accessories 301,Computers&Accessories,₹670,"₹1,488",55%,3.6,"4,703"
B0903497149,Producto Computers&Accessories 302,Computers&Accessories,"₹1,608","₹3,574",55%,4.3,"5,115"
B0721489784,Producto Home&Kitchen 303,Home&Kitchen,"₹1,336","₹2,905",54%,4.2,"4,810"
B0203241131,Producto Home&Kitchen 304,Home&Kitchen,₹738,"₹1,153",36%,4.1,"1,075"
B0241384239,Producto Health&PersonalCare 305,Health&PersonalCare,₹513,"₹1,140",55%,4.3,"4,125"
B0849165769,Producto Computers&Accessories 306,Computers&Accessories,"₹1,701","₹2,744",38%,4.0,"5,186"
B0368225594,Producto Electronics 307,Electronics,₹387,"₹1,681",77%,4.3,"14,636"
B0145384376,Producto Home&Kitchen 308,Home&Kitchen,₹405,₹900,55%,3.9,"3,266"
B0365488606,Producto Electronics 309,Electronics,"₹2,390","₹4,878",51%,4.3,"6,398"
B0434456299,Producto Computers&Accessories 310,Computers&Accessories,"₹2,230","₹5,186",57%,4.1,"9,900"
B0297960714,Producto Electronics 311,Electronics,"₹4,884","₹6,691",27%,3.6,"1,980"
B0992550844,Producto Electronics 312,Electronics,"₹3,041","₹6,757",55%,4.3,"12,720"
B0117948981,Producto Car&Motorbike 313,Car&Motorbike,₹190,₹359,47%,|,"7,236"
B0530007283,Producto MusicalInstruments 314,MusicalInstruments,"₹2,090","₹4,179",50%,3.9,"8,763"
B0101817324,Producto Home&Kitchen 315,Home&Kitchen,"₹1,188","₹2,014",41%,3.9,412
B0546657569,Producto Computers&Accessories 316,Computers&Accessories,"₹1,303","₹2,555",49%,3.9,"3,347"
B0384976122,Producto Electronics 317,Electronics,"₹4,407","₹5,310",17%,4.0,"1,661"
B0333491795,Producto Electronics 318,Electronics,₹269,₹585,54%,3.8,301
B0292794246,Producto Electronics 319,Electronics,₹93,₹233,60%,3.6,"8,717"
B0595663584,Producto Computers&Accessories 320,Computers&Accessories,"₹1,083","₹2,519",57%,3.7,718
B0412056381,Producto Home&Kitchen 321,Home&Kitchen,₹547,"₹1,190",54%,|,"14,644"
B0407450680,Producto Home&Kitchen 322,Home&Kitchen,₹712,"₹1,047",32%,3.9,"3,483"
B0472535010,Producto Electronics 323,Electronics,"₹1,909","₹4,545",58%,4.4,"9,009"
B0401713404,Producto Car&Motorbike 324,Car&Motorbike,₹682,"₹1,450",53%,4.0,"2,631"
B0541286475,Producto Home&Kitchen 325,Home&Kitchen,₹396,"₹1,583",75%,4.3,"15,059"
B0715793796,Producto Computers&Accessories 326,Computers&Accessories,"₹2,788","₹3,872",28%,3.8,"3,044"
B0406035531,Producto Computers&Accessories 327,Computers&Accessories,₹981,"₹1,344",27%,3.8,"5,014"
B0632448220,Producto Computers&Accessories 328,Computers&Accessories,"₹1,475","₹2,681",45%,4.0,"10,743"
B0270830242,Producto Electronics 329,Electronics,₹907,"₹1,929",53%,4.0,"8,266"
B0333260836,Producto Computers&Accessories 330,Computers&Accessories,₹99,₹282,65%,4.0,"3,679"
B0813768379,Producto Home&Kitchen 331,Home&Kitchen,₹315,₹985,68%,3.8,"4,627"
B0904347584,Producto Electronics 332,Electronics,"₹4,724","₹6,846",31%,3.5,"5,865"
B0992125071,Producto Electronics 333,Electronics,"₹1,078","₹1,563",31%,4.2,"3,239"
B0382470429,Producto Electronics 334,Electronics,"₹2,603","₹4,566",43%,4.2,"4,827"
B0713423048,Producto Electronics 335,Electronics,"₹4,428","₹6,236",29%,3.8,"4,350"
B0937126441,Producto OfficeProducts 336,OfficeProducts,₹651,"₹1,122",42%,4.1,"2,471"
B0542541116,Producto Home&Kitchen 337,Home&Kitchen,₹447,₹721,38%,3.9,"3,573"
B0611601097,Producto Computers&Accessories 338,Computers&Accessories,₹665,"₹1,109",40%,4.3,"5,716"
B0763416780,Producto Electronics 339,Electronics,"₹2,159","₹3,427",37%,3.6,"3,812"
B0394652861,Producto Computers&Accessories 340,Computers&Accessories,"₹1,753","₹2,541",31%,3.9,"4,039"
B0858419795,Producto Computers&Accessories 341,Computers&Accessories,"₹1,287","₹3,300",61%,4.0,"3,662"
B0230301788,Producto Electronics 342,Electronics,"₹2,501","₹5,321",53%,4.1,"6,189"
B0820480703,Producto Computers&Accessories 343,Computers&Accessories,"₹6,278","₹10,126",38%,4.4,"13,645"
B0290873528,Producto Computers&Accessories 344,Computers&Accessories,"₹2,028","₹5,482",63%,4.0,"4,895"
B0174135363,Producto Computers&Accessories 345,Computers&Accessories,"₹1,174","₹1,565",25%,4.2,"4,677"
B0127833645,Producto Home&Kitchen 346,Home&Kitchen,"₹1,563","₹4,597",66%,4.0,"4,945"
B0208968816,Producto Electronics 347,Electronics,₹386,"₹1,206",68%,4.4,"17,582"
B0225303323,Producto Computers&Accessories 348,Computers&Accessories,₹494,₹838,41%,4.2,"3,651"
B0407993060,Producto Computers&Accessories 349,Computers&Accessories,"₹2,425","₹3,619",33%,3.9,"1,461"
B0291207032,Producto Computers&Accessories 350,Computers&Accessories,₹695,"₹1,696",59%,3.9,"8,559"
B0484977410,Producto OfficeProducts 351,OfficeProducts,"₹1,143","₹1,759",35%,4.1,"3,099"
B0985474852,Producto Home&Kitchen 352,Home&Kitchen,"₹1,009","₹1,940",48%,3.8,"6,982"
B0886193327,Producto Electronics 353,Electronics,"₹1,197","₹3,068",61%,4.1,"3,439"
B0848010130,Producto Electronics 354,Electronics,"₹2,102","₹2,880",27%,3.9,"1,036"
B0271349842,Producto Home&Kitchen 355,Home&Kitchen,₹420,"₹1,049",60%,4.2,"5,412"
B0317227024,Producto Electronics 356,Electronics,₹266,₹337,21%,3.9,608
B0236671697,Producto Computers&Accessories 357,Computers&Accessories,₹465,₹948,51%,3.8,"5,459"
B0578665169,Producto Toys&Games 358,Toys&Games,₹271,₹424,36%,4.3,"9,051"
B0319963256,Producto Computers&Accessories 359,Computers&Accessories,"₹1,966","₹4,369",55%,4.1,"20,195"
B0888803158,Producto Computers&Accessories 360,Computers&Accessories,₹770,"₹1,283",40%,4.0,"2,543"
B0723224136,Producto Home&Kitchen 361,Home&Kitchen,₹876,"₹1,652",47%,4.1,"2,242"
B0460780329,Producto Computers&Accessories 362,Computers&Accessories,₹830,"₹1,805",54%,3.6,"7,528"
B0663810076,Producto Computers&Accessories 363,Computers&Accessories,₹573,₹955,40%,4.6,"10,051"
B0253799745,Producto Toys&Games 364,Toys&Games,₹578,₹917,37%,4.0,"7,729"
B0692838267,Producto Computers&Accessories 365,Computers&Accessories,₹822,"₹2,054",60%,3.5,"15,592"
B0449838992,Producto Car&Motorbike 366,Car&Motorbike,"₹1,252","₹2,608",52%,4.4,"5,820"
B0266057976,Producto HomeImprovement 367,HomeImprovement,₹455,₹722,37%,3.8,"16,730"
B0527826807,Producto Electronics 368,Electronics,₹901,"₹1,916",53%,4.3,"3,998"
B0687987052,Producto Electronics 369,Electronics,"₹4,122","₹5,974",31%,4.0,"1,942"
B0669986462,Producto Electronics 370,Electronics,"₹1,616","₹2,886",44%,3.6,"1,653"
B0253923675,Producto Electronics 371,Electronics,"₹3,857","₹6,323",39%,4.1,"1,898"
B0540353770,Producto Electronics 372,Electronics,"₹1,463","₹2,120",31%,4.0,"15,525"
B0114414191,Producto Home&Kitchen 373,Home&Kitchen,₹754,"₹1,396",46%,4.3,"13,118"
B0429900851,Producto Electronics 374,Electronics,"₹1,409","₹1,985",29%,4.1,"14,876"
B0594674342,Producto Electronics 375,Electronics,₹532,"₹1,613",67%,3.7,435
B0113132347,Producto MusicalInstruments 376,MusicalInstruments,₹148,₹198,25%,4.2,922
B0984288349,Producto Electronics 377,Electronics,"₹2,972","₹9,007",67%,4.0,"4,077"
B0266696175,Producto Home&Kitchen 378,Home&Kitchen,₹582,₹832,30%,4.5,"3,027"
B0798372530,Producto Electronics 379,Electronics,"₹1,838","₹4,838",62%,4.0,"6,361"
B0249747923,Producto Electronics 380,Electronics,"₹2,275","₹2,917",22%,3.9,"3,300"
B0489072481,Producto Home&Kitchen 381,Home&Kitchen,"₹1,690","₹2,770",39%,3.8,"1,251"
B0437992205,Producto Computers&Accessories 382,Computers&Accessories,₹109,₹351,69%,3.9,"3,024"
B0542730201,Producto OfficeProducts 383,OfficeProducts,₹164,₹779,79%,3.9,"4,511"
B0126555561,Producto Home&Kitchen 384,Home&Kitchen,"₹1,112","₹2,138",48%,4.3,"1,461"
B0661297202,Producto Home&Kitchen 385,Home&Kitchen,₹601,"₹1,307",54%,3.7,"3,687"
B0860064874,Producto Electronics 386,Electronics,₹790,"₹1,756",55%,4.3,"1,694"
B0575322577,Producto Electronics 387,Electronics,₹426,₹591,28%,4.2,"3,469"
B0753338879,Producto Home&Kitchen 388,Home&Kitchen,₹412,₹723,43%,4.4,"2,065"
B0338118570,Producto Home&Kitchen 389,Home&Kitchen,₹76,₹151,50%,4.0,"9,783"
B0748405064,Producto Health&PersonalCare 390,Health&PersonalCare,₹715,₹841,15%,3.7,"3,698"
B0737181267,Producto Computers&Accessories 391,Computers&Accessories,"₹1,411","₹2,940",52%,4.0,"6,642"
B0104178236,Producto Computers&Accessories 392,Computers&Accessories,"₹2,751","₹3,768",27%,4.1,"6,741"
B0458497897,Producto Home&Kitchen 393,Home&Kitchen,₹390,₹541,28%,4.0,"5,419"
B0774669149,Producto Electronics 394,Electronics,₹812,"₹1,231",34%,4.1,"8,676"
B0274826046,Producto Toys&Games 395,Toys&Games,₹473,"₹1,101",57%,4.4,"6,820"
B0220489113,Producto OfficeProducts 396,OfficeProducts,₹638,₹952,33%,4.1,"7,183"
B0287804926,Producto Computers&Accessories 397,Computers&Accessories,₹124,₹311,60%,4.1,"7,332"
B0107572830,Producto Home&Kitchen 398,Home&Kitchen,₹304,₹692,56%,3.5,"5,118"
B0210103074,Producto Home&Kitchen 399,Home&Kitchen,"₹1,260","₹3,500",64%,3.8,844
B0615451714,Producto Electronics 400,Electronics,"₹3,698","₹5,778",36%,3.9,"1,305"
B0103566375,Producto HomeImprovement 401,HomeImprovement,₹481,₹816,41%,3.4,"3,768"
B0217654268,Producto Computers&Accessories 402,Computers&Accessories,₹458,₹674,32%,3.7,"1,533"
B0829372805,Producto Home&Kitchen 403,Home&Kitchen,₹365,₹529,31%,3.9,"3,339"
B0316509568,Producto Electronics 404,Electronics,₹655,"₹2,341",72%,4.1,"3,557"
B0820830899,Producto OfficeProducts 405,OfficeProducts,₹91,₹171,47%,4.2,"3,085"
B0266523237,Producto Computers&Accessories 406,Computers&Accessories,"₹3,209","₹4,719",32%,3.9,"3,740"
B0417238177,Producto Electronics 407,Electronics,"₹4,971","₹7,101",30%,4.0,
B0980659314,Producto HomeImprovement 408,HomeImprovement,₹204,₹335,39%,3.9,"11,183"
B0733006331,Producto Electronics 409,Electronics,"₹4,286","₹10,990",61%,4.1,"1,096"
B0409805190,Producto Electronics 410,Electronics,₹706,"₹2,277",69%,4.2,"9,710"
B0420302922,Producto Car&Motorbike 411,Car&Motorbike,₹301,"₹1,255",76%,4.5,"13,735"
B0446771978,Producto Car&Motorbike 412,Car&Motorbike,₹295,₹844,65%,3.9,
B0787579939,Producto Computers&Accessories 413,Computers&Accessories,₹452,₹766,41%,4.0,"4,460"
B0372951955,Producto Home&Kitchen 414,Home&Kitchen,₹261,₹931,72%,4.3,"11,195"
B0350022206,Producto Computers&Accessories 415,Computers&Accessories,₹111,₹318,65%,3.7,"12,880"
B0539693391,Producto Electronics 416,Electronics,"₹1,024","₹2,498",59%,4.6,"3,683"
B0186584510,Producto Electronics 417,Electronics,"₹1,084","₹3,098",65%,4.4,"7,098"
B0684918468,Producto Home&Kitchen 418,Home&Kitchen,₹936,"₹1,485",37%,3.5,"2,501"
B0362765597,Producto Home&Kitchen 419,Home&Kitchen,₹98,₹273,64%,4.2,"10,144"
B0598985373,Producto Home&Kitchen 420,Home&Kitchen,₹70,₹293,76%,3.9,"1,219"
B0634376294,Producto Home&Kitchen 421,Home&Kitchen,"₹1,020","₹1,436",29%,3.9,"9,350"
B0990401135,Producto Electronics 422,Electronics,₹694,"₹1,120",38%,4.1,"5,336"
B0912637924,Producto Computers&Accessories 423,Computers&Accessories,₹717,"₹1,749",59%,4.3,"4,599"
B0968115424,Producto Electronics 424,Electronics,"₹5,178","₹7,614",32%,3.8,"3,427"
B0947286867,Producto Computers&Accessories 425,Computers&Accessories,₹256,₹639,60%,3.9,"10,750"
B0371719925,Producto Computers&Accessories 426,Computers&Accessories,₹537,₹976,45%,4.1,"7,043"
B0318324629,Producto OfficeProducts 427,OfficeProducts,₹493,"₹1,297",62%,4.2,"5,618"
B0954280040,Producto Computers&Accessories 428,Computers&Accessories,₹142,₹308,54%,3.8,"3,607"
B0284634361,Producto Electronics 429,Electronics,"₹1,727","₹2,831",39%,4.5,"4,513"
B0320891836,Producto Electronics 430,Electronics,"₹1,409","₹4,145",66%,3.9,"8,601"
B0315675924,Producto Home&Kitchen 431,Home&Kitchen,"₹1,193","₹2,339",49%,4.3,"4,070"
B0443668981,Producto Computers&Accessories 432,Computers&Accessories,₹476,"₹1,441",67%,4.2,"9,446"
B0958257690,Producto Electronics 433,Electronics,₹543,"₹1,005",46%,4.2,"2,022"
B0771287909,Producto Electronics 434,Electronics,"₹1,758","₹3,995",56%,3.9,"2,290"
B0995732642,Producto Home&Kitchen 435,Home&Kitchen,₹900,"₹1,526",41%,3.5,"3,138"
B0582237221,Producto Electronics 436,Electronics,"₹5,565","₹10,305",46%,4.0,"3,662"
B0514275815,Producto Home&Kitchen 437,Home&Kitchen,₹531,₹931,43%,4.0,"2,246"
B0917289531,Producto Home&Kitchen 438,Home&Kitchen,₹555,"₹1,541",64%,3.8,"1,422"
B0685415493,Producto Electronics 439,Electronics,"₹2,146","₹3,022",29%,4.2,"1,800"
B0881182751,Producto Electronics 440,Electronics,₹836,"₹1,130",26%,4.0,"11,250"
B0526356047,Producto Health&PersonalCare 441,Health&PersonalCare,₹406,₹606,33%,3.8,"1,802"
B0723679451,Producto Computers&Accessories 442,Computers&Accessories,"₹1,963","₹4,268",54%,4.2,"5,523"
B0829675727,Producto Computers&Accessories 443,Computers&Accessories,"₹1,549","₹3,296",53%,4.2,"2,732"
B0279974554,Producto Home&Kitchen 444,Home&Kitchen,₹282,₹671,58%,3.8,"3,390"
B0333107842,Producto Toys&Games 445,Toys&Games,₹169,₹604,72%,4.4,"13,772"
B0229099476,Producto Health&PersonalCare 446,Health&PersonalCare,₹728,"₹1,120",35%,4.6,"4,198"
B0620837477,Producto Home&Kitchen 447,Home&Kitchen,₹418,₹951,56%,|,"3,029"
B0255792381,Producto Computers&Accessories 448,Computers&Accessories,"₹1,652","₹4,588",64%,|,"2,910"
B0732654437,Producto Electronics 449,Electronics,"₹1,247","₹2,833",56%,4.1,"15,494"
B0970988573,Producto Home&Kitchen 450,Home&Kitchen,₹776,"₹1,124",31%,4.6,"3,621"
B0124762389,Producto Computers&Accessories 451,Computers&Accessories,"₹1,539","₹4,159",63%,3.9,"4,921"
B0405340434,Producto Computers&Accessories 452,Computers&Accessories,"₹3,340","₹7,106",53%,3.8,708
B0983592478,Producto HomeImprovement 453,HomeImprovement,₹519,₹824,37%,3.7,"8,219"
B0343302675,Producto Electronics 454,Electronics,₹620,"₹2,383",74%,4.4,"4,425"
B0652653458,Producto Computers&Accessories 455,Computers&Accessories,₹756,"₹1,095",31%,3.8,"11,009"
B0577637505,Producto Electronics 456,Electronics,"₹1,198","₹1,516",21%,3.7,"2,660"
B0256529318,Producto Computers&Accessories 457,Computers&Accessories,₹628,"₹1,163",46%,4.1,"7,399"
B0600437594,Producto Electronics 458,Electronics,"₹1,088","₹2,133",49%,4.1,"3,360"
B0460840263,Producto Electronics 459,Electronics,"₹3,703","₹6,070",39%,4.3,"1,154"
B0450234549,Producto Electronics 460,Electronics,"₹2,279","₹4,848",53%,4.1,"7,045"
B0537388058,Producto Home&Kitchen 461,Home&Kitchen,"₹1,081","₹2,079",48%,4.1,"6,642"
B0594286158,Producto Home&Kitchen 462,Home&Kitchen,₹945,"₹2,054",54%,4.0,174
B0946075630,Producto Computers&Accessories 463,Computers&Accessories,"₹3,614","₹4,633",22%,3.6,573
B0875520845,Producto Car&Motorbike 464,Car&Motorbike,₹245,₹645,62%,4.0,"12,153"
B0290828742,Producto Computers&Accessories 465,Computers&Accessories,"₹1,149","₹2,444",53%,4.1,"3,213"
B0399137040,Producto Electronics 466,Electronics,₹300,₹639,53%,3.9,"7,935"
B0308900313,Producto OfficeProducts 467,OfficeProducts,₹99,₹129,23%,3.5,"11,499"
B0860013540,Producto Electronics 468,Electronics,₹868,"₹3,617",76%,3.8,"7,732"
B0675684435,Producto Car&Motorbike 469,Car&Motorbike,₹686,"₹1,124",39%,4.0,"3,957"
B0269955977,Producto Electronics 470,Electronics,"₹2,764","₹3,412",19%,4.2,"1,674"
B0482658706,Producto Car&Motorbike 471,Car&Motorbike,₹542,"₹1,937",72%,4.6,"9,504"
B0809501597,Producto Electronics 472,Electronics,"₹5,554","₹8,678",36%,3.9,"5,301"
B0646719133,Producto OfficeProducts 473,OfficeProducts,₹234,₹668,65%,3.9,"5,347"
B0736826264,Producto Computers&Accessories 474,Computers&Accessories,₹880,"₹1,834",52%,3.9,"8,115"
B0755827799,Producto Health&PersonalCare 475,Health&PersonalCare,₹106,₹272,61%,3.8,"1,265"
B0840684670,Producto Electronics 476,Electronics,"₹3,373","₹6,133",45%,4.2,"5,209"
B0819097793,Producto Computers&Accessories 477,Computers&Accessories,₹563,"₹1,223",54%,4.6,"6,139"
B0399911013,Producto Car&Motorbike 478,Car&Motorbike,₹609,₹999,39%,3.8,"2,068"
B0557696418,Producto Computers&Accessories 479,Computers&Accessories,"₹2,462","₹3,282",25%,3.6,"3,859"
B0454240306,Producto Computers&Accessories 480,Computers&Accessories,"₹1,173","₹2,213",47%,4.3,"1,247"
B0204224868,Producto Home&Kitchen 481,Home&Kitchen,₹471,"₹1,273",63%,4.1,"2,436"
B0189473350,Producto Computers&Accessories 482,Computers&Accessories,₹493,₹986,50%,4.1,"3,467"
B0296737350,Producto Computers&Accessories 483,Computers&Accessories,"₹1,683","₹2,672",37%,4.4,"4,010"
B0862080410,Producto Computers&Accessories 484,Computers&Accessories,"₹4,550","₹7,983",43%,3.6,"4,998"
B0887413001,Producto HomeImprovement 485,HomeImprovement,₹86,₹297,71%,3.7,"7,492"
B0118026678,Producto Electronics 486,Electronics,₹839,"₹1,216",31%,3.9,"1,527"
B0704426694,Producto Electronics 487,Electronics,"₹2,894","₹5,788",50%,4.0,"14,961"
B0907663237,Producto Car&Motorbike 488,Car&Motorbike,₹493,"₹1,493",67%,4.0,"7,373"
B0746868997,Producto OfficeProducts 489,OfficeProducts,₹711,"₹1,654",57%,4.7,"27,174"
B0117440076,Producto Computers&Accessories 490,Computers&Accessories,₹905,"₹1,104",18%,3.9,"8,329"
B0811987119,Producto Computers&Accessories 491,Computers&Accessories,"₹2,945","₹3,875",24%,3.8,"1,766"
B0355458561,Producto Electronics 492,Electronics,"₹2,010","₹4,276",53%,4.1,"1,197"
B0853914066,Producto Electronics 493,Electronics,₹690,"₹1,437",52%,4.3,925
B0642089266,Producto Computers&Accessories 494,Computers&Accessories,₹847,"₹1,227",31%,3.8,157
B0368756412,Producto Computers&Accessories 495,Computers&Accessories,"₹1,539","₹2,108",27%,3.9,"4,090"
B0953024402,Producto Computers&Accessories 496,Computers&Accessories,₹314,₹982,68%,4.3,"3,312"
B0150340849,Producto Electronics 497,Electronics,"₹1,792","₹7,166",75%,4.4,"11,498"
B0627987064,Producto Health&PersonalCare 498,Health&PersonalCare,₹394,₹839,53%,4.1,"2,775"
B0454278015,Producto Health&PersonalCare 499,Health&PersonalCare,₹207,₹334,38%,4.7,"2,376"
B0946259250,Producto Home&Kitchen 500,Home&Kitchen,₹375,"₹1,102",66%,4.6,"11,075"
B0709943705,Producto Computers&Accessories 501,Computers&Accessories,"₹2,126","₹4,011",47%,3.6,"17,192"
B0874152773,Producto Electronics 502,Electronics,"₹1,805","₹3,167",43%,3.5,"9,009"
B0337358389,Producto Home&Kitchen 503,Home&Kitchen,"₹2,116","₹4,318",51%,4.3,"8,546"
B0105397902,Producto Home&Kitchen 504,Home&Kitchen,"₹1,114","₹1,827",39%,4.4,"12,585"
B0889252315,Producto Electronics 505,Electronics,₹967,"₹1,639",41%,3.9,"5,788"
B0340583626,Producto HomeImprovement 506,HomeImprovement,₹208,₹385,46%,3.9,"7,739"
B0783713159,Producto Home&Kitchen 507,Home&Kitchen,"₹1,342","₹2,580",48%,3.8,"6,295"
B0944528184,Producto Toys&Games 508,Toys&Games,₹434,₹523,17%,3.6,"5,376"
B0177939633,Producto Home&Kitchen 509,Home&Kitchen,₹653,"₹1,390",53%,4.4,"3,003"
B0103666608,Producto Computers&Accessories 510,Computers&Accessories,"₹1,478","₹2,111",30%,3.9,"8,473"
B0445520242,Producto Computers&Accessories 511,Computers&Accessories,₹323,₹539,40%,4.1,"1,171"
B0946992882,Producto Toys&Games 512,Toys&Games,₹86,₹191,55%,3.5,"4,206"
B0909141719,Producto OfficeProducts 513,OfficeProducts,₹398,"₹1,530",74%,4.4,"6,792"
B0397863167,Producto Electronics 514,Electronics,"₹1,955","₹2,573",24%,4.1,50
B0326229488,Producto Electronics 515,Electronics,"₹1,183","₹2,465",52%,3.7,"2,368"
B0540168570,Producto Computers&Accessories 516,Computers&Accessories,"₹4,211","₹7,656",45%,4.1,"7,019"
B0284300323,Producto Home&Kitchen 517,Home&Kitchen,"₹1,174","₹2,445",52%,4.0,"2,845"
B0990178374,Producto Health&PersonalCare 518,Health&PersonalCare,₹495,"₹1,413",65%,3.9,"15,247"
B0296564036,Producto Electronics 519,Electronics,"₹3,600","₹7,826",54%,3.2,"3,733"
B0738335801,Producto Computers&Accessories 520,Computers&Accessories,"₹1,731","₹3,683",53%,3.8,"3,321"
B0605286718,Producto Computers&Accessories 521,Computers&Accessories,"₹5,199","₹5,713",9%,4.0,"6,601"
B0765707228,Producto Car&Motorbike 522,Car&Motorbike,₹454,₹648,30%,3.8,"2,203"
B0764824847,Producto MusicalInstruments 523,MusicalInstruments,₹717,"₹1,156",38%,3.9,"1,152"
B0543239813,Producto MusicalInstruments 524,MusicalInstruments,₹340,₹641,47%,4.4,"8,802"
B0246152013,Producto Computers&Accessories 525,Computers&Accessories,₹249,₹346,28%,3.9,804
B0241919865,Producto Computers&Accessories 526,Computers&Accessories,"₹1,597","₹2,281",30%,3.4,"1,644"
B0211907763,Producto Electronics 527,Electronics,₹393,₹742,47%,4.0,"4,628"
B0520642049,Producto Electronics 528,Electronics,₹672,"₹1,179",43%,4.0,"3,284"
B0682916312,Producto OfficeProducts 529,OfficeProducts,₹319,₹560,43%,3.8,"29,167"
B0273982174,Producto Home&Kitchen 530,Home&Kitchen,₹85,₹100,15%,4.1,"4,610"
B0684197233,Producto Health&PersonalCare 531,Health&PersonalCare,₹283,₹471,40%,3.6,"3,020"
B0386052209,Producto Health&PersonalCare 532,Health&PersonalCare,₹405,₹506,20%,3.9,"1,654"
B0998430924,Producto Computers&Accessories 533,Computers&Accessories,"₹4,252","₹7,331",42%,3.6,"4,663"
B0799530897,Producto Home&Kitchen 534,Home&Kitchen,₹912,"₹1,471",38%,3.9,"9,671"
B0823772368,Producto Toys&Games 535,Toys&Games,₹526,₹822,36%,4.2,597
B0303120876,Producto MusicalInstruments 536,MusicalInstruments,"₹4,935","₹6,854",28%,3.9,"4,536"
B0664750811,Producto Electronics 537,Electronics,₹744,"₹2,757",73%,4.0,"4,820"
B0661582027,Producto Computers&Accessories 538,Computers&Accessories,"₹1,397","₹2,409",42%,4.0,"8,130"
B0521803938,Producto Electronics 539,Electronics,"₹4,396","₹6,561",33%,4.0,"4,005"
B0991388501,Producto Car&Motorbike 540,Car&Motorbike,₹403,₹660,39%,4.2,"6,816"
B0202459046,Producto Computers&Accessories 541,Computers&Accessories,"₹3,132","₹4,121",24%,4.2,"15,738"
B0646957440,Producto Electronics 542,Electronics,₹488,₹920,47%,4.4,"10,651"
B0162286333,Producto Home&Kitchen 543,Home&Kitchen,"₹1,433","₹2,018",29%,4.0,"2,773"
B0607666596,Producto Computers&Accessories 544,Computers&Accessories,"₹2,770","₹3,378",18%,3.5,844
B0650533376,Producto Computers&Accessories 545,Computers&Accessories,"₹1,071","₹1,508",29%,4.2,"3,422"
B0958794975,Producto Electronics 546,Electronics,"₹1,070","₹2,891",63%,4.4,"2,256"
B0454353721,Producto Home&Kitchen 547,Home&Kitchen,"₹2,970","₹3,667",19%,4.6,"4,760"
B0625470976,Producto Computers&Accessories 548,Computers&Accessories,"₹1,551","₹1,915",19%,4.4,"4,367"
B0103391628,Producto Home&Kitchen 549,Home&Kitchen,"₹1,679","₹1,845",9%,3.8,447
B0647381933,Producto Computers&Accessories 550,Computers&Accessories,"₹1,171","₹2,168",46%,4.1,"5,134"
B0717898670,Producto OfficeProducts 551,OfficeProducts,₹289,₹380,24%,3.9,"10,644"
B0686550480,Producto Computers&Accessories 552,Computers&Accessories,"₹1,071","₹1,260",15%,3.8,"2,890"
B0624241611,Producto Computers&Accessories 553,Computers&Accessories,₹863,"₹2,785",69%,4.0,"3,749"
B0171465982,Producto OfficeProducts 554,OfficeProducts,₹525,"₹1,695",69%,4.4,"12,255"
B0444985094,Producto Computers&Accessories 555,Computers&Accessories,₹220,₹612,64%,3.6,"3,702"
B0106670326,Producto Electronics 556,Electronics,"₹5,762","₹9,294",38%,3.7,"3,250"
B0935896370,Producto Electronics 557,Electronics,"₹3,846","₹5,269",27%,4.3,"9,957"
B0666244610,Producto Home&Kitchen 558,Home&Kitchen,₹600,"₹1,034",42%,4.4,"1,986"
B0108620209,Producto Computers&Accessories 559,Computers&Accessories,"₹1,811","₹2,663",32%,3.8,"7,219"
B0669078681,Producto Home&Kitchen 560,Home&Kitchen,"₹1,463","₹1,951",25%,4.4,707
B0625842974,Producto Electronics 561,Electronics,₹842,"₹1,238",32%,4.3,"19,837"
B0581254755,Producto Electronics 562,Electronics,"₹1,297","₹2,947",56%,4.0,"1,954"
B0932316733,Producto Electronics 563,Electronics,"₹1,538","₹3,343",54%,3.4,"3,772"
B0589662105,Producto Computers&Accessories 564,Computers&Accessories,₹175,₹407,57%,3.6,"11,572"
B0549790315,Producto Computers&Accessories 565,Computers&Accessories,"₹1,052","₹3,758",72%,3.9,937
B0154932534,Producto Computers&Accessories 566,Computers&Accessories,₹990,"₹1,237",20%,4.2,"2,159"
B0231972251,Producto Computers&Accessories 567,Computers&Accessories,₹767,"₹1,300",41%,4.2,"9,177"
B0260246352,Producto HomeImprovement 568,HomeImprovement,₹609,₹937,35%,3.9,360
B0935612325,Producto Electronics 569,Electronics,"₹1,620","₹4,629",65%,4.0,"8,149"
B0843999470,Producto Computers&Accessories 570,Computers&Accessories,"₹2,357","₹2,741",14%,3.9,"3,791"
B0491813661,Producto Home&Kitchen 571,Home&Kitchen,₹895,"₹1,297",31%,3.9,742
B0513948225,Producto Computers&Accessories 572,Computers&Accessories,"₹1,920","₹2,666",28%,4.0,"16,341"
B0831568775,Producto Computers&Accessories 573,Computers&Accessories,₹350,"₹1,128",69%,4.1,"5,925"
B0365663844,Producto OfficeProducts 574,OfficeProducts,₹225,₹751,70%,3.6,"3,169"
B0686053090,Producto Toys&Games 575,Toys&Games,₹792,"₹1,116",29%,3.9,"1,004"
B0432087913,Producto Electronics 576,Electronics,"₹1,208","₹2,047",41%,4.0,"1,484"
B0393368166,Producto Toys&Games 577,Toys&Games,₹306,₹766,60%,4.3,"24,407"
B0956937789,Producto Computers&Accessories 578,Computers&Accessories,"₹2,583","₹3,150",18%,3.7,"2,916"
B0306695498,Producto Electronics 579,Electronics,₹998,"₹3,119",68%,4.1,"14,037"
B0543729854,Producto Computers&Accessories 580,Computers&Accessories,₹469,₹652,28%,4.1,"2,136"
B0209696590,Producto Health&PersonalCare 581,Health&PersonalCare,₹842,"₹1,256",33%,3.9,"13,551"
B0757785025,Producto Computers&Accessories 582,Computers&Accessories,"₹2,076","₹4,614",55%,3.5,"2,261"
B0491127012,Producto Electronics 583,Electronics,"₹1,294","₹3,317",61%,4.3,"1,943"
B0735130218,Producto Home&Kitchen 584,Home&Kitchen,"₹1,313","₹3,455",62%,4.3,"8,769"
B0455992671,Producto Electronics 585,Electronics,"₹4,575","₹5,199",12%,4.0,483
B0360584487,Producto Electronics 586,Electronics,"₹2,091","₹2,826",26%,4.0,411
B0579910655,Producto Electronics 587,Electronics,"₹1,582","₹1,840",14%,3.4,"6,971"
B0545192588,Producto Electronics 588,Electronics,₹734,"₹1,244",41%,4.2,"2,103"
B0971660560,Producto Electronics 589,Electronics,"₹1,889","₹2,952",36%,4.4,"8,226"
B0148153102,Producto Electronics 590,Electronics,"₹1,007","₹1,549",35%,3.7,"14,371"
B0499206304,Producto Home&Kitchen 591,Home&Kitchen,₹251,₹627,60%,4.4,"6,468"
B0189218034,Producto Electronics 592,Electronics,"₹1,157","₹4,287",73%,4.4,"11,432"
B0169063439,Producto Electronics 593,Electronics,₹380,₹928,59%,3.7,494
B0801988338,Producto OfficeProducts 594,OfficeProducts,₹52,₹134,61%,3.9,"1,986"
B0823958284,Producto Computers&Accessories 595,Computers&Accessories,₹742,"₹2,250",67%,3.7,"17,004"
B0607221717,Producto Home&Kitchen 596,Home&Kitchen,"₹1,127","₹1,910",41%,4.0,"2,985"
B0762437526,Producto Electronics 597,Electronics,"₹2,563","₹4,497",43%,4.1,978
B0212227370,Producto Electronics 598,Electronics,₹291,₹692,58%,3.7,"6,790"
B0344842417,Producto Electronics 599,Electronics,₹835,"₹1,816",54%,4.1,"14,554"
B0973712241,Producto Electronics 600,Electronics,₹927,"₹2,016",54%,4.2,"3,236"
B0211458121,Producto Electronics 601,Electronics,₹304,₹742,59%,|,"8,849"
B0439074640,Producto Electronics 602,Electronics,₹991,"₹3,418",71%,4.2,"13,332"
B0112314973,Producto Electronics 603,Electronics,"₹2,742","₹3,917",30%,3.6,"2,516"
B0252628876,Producto Electronics 604,Electronics,"₹1,635","₹2,868",43%,4.0,"3,112"
B0764034333,Producto Computers&Accessories 605,Computers&Accessories,₹328,₹455,28%,4.1,"15,743"
B0368531128,Producto Electronics 606,Electronics,"₹5,993","₹11,525",48%,4.4,"1,330"
B0987116781,Producto Computers&Accessories 607,Computers&Accessories,₹383,"₹1,035",63%,4.1,"6,261"
B0745434822,Producto Computers&Accessories 608,Computers&Accessories,"₹2,305","₹4,043",43%,4.1,"4,116"
B0124956681,Producto Home&Kitchen 609,Home&Kitchen,"₹1,301","₹3,174",59%,3.8,"4,115"
B0555650241,Producto Electronics 610,Electronics,"₹1,674","₹2,392",30%,3.7,"6,534"
B0119398749,Producto Home&Kitchen 611,Home&Kitchen,₹980,"₹1,689",42%,3.6,"5,830"
B0141971410,Producto Computers&Accessories 612,Computers&Accessories,₹184,₹593,69%,4.0,"7,242"
B0953036326,Producto Electronics 613,Electronics,"₹1,608","₹2,474",35%,4.6,614
B0229736228,Producto OfficeProducts 614,OfficeProducts,₹766,₹923,17%,3.8,"1,028"
B0400141442,Producto Toys&Games 615,Toys&Games,₹507,₹756,33%,4.1,"3,161"
B0681714008,Producto Electronics 616,Electronics,"₹2,264","₹5,522",59%,4.2,"6,116"
B0875858942,Producto Electronics 617,Electronics,"₹1,616","₹2,244",28%,3.7,"11,229"
B0962672889,Producto Home&Kitchen 618,Home&Kitchen,"₹1,067","₹2,426",56%,3.9,"5,006"
B0506100181,Producto Home&Kitchen 619,Home&Kitchen,₹230,₹536,57%,4.2,"10,815"
B0515172005,Producto Electronics 620,Electronics,"₹2,638","₹4,548",42%,4.1,"4,224"
B0858600205,Producto Electronics 621,Electronics,"₹1,052","₹2,062",49%,3.5,"6,484"
B0465729983,Producto Computers&Accessories 622,Computers&Accessories,₹208,₹385,46%,4.2,"4,973"
B0464332838,Producto Computers&Accessories 623,Computers&Accessories,"₹2,522","₹3,408",26%,3.8,945
B0129551285,Producto Computers&Accessories 624,Computers&Accessories,₹489,"₹1,112",56%,3.9,"7,701"
B0381893505,Producto Computers&Accessories 625,Computers&Accessories,₹398,₹830,52%,4.1,"7,490"
B0239084330,Producto Computers&Accessories 626,Computers&Accessories,"₹2,743","₹4,730",42%,4.4,904
B0950734772,Producto Home&Kitchen 627,Home&Kitchen,"₹1,825","₹2,225",18%,3.9,"2,825"
B0199010946,Producto Electronics 628,Electronics,"₹1,006","₹1,274",21%,4.3,"3,553"
B0665122521,Producto Electronics 629,Electronics,₹560,"₹1,098",49%,3.6,"1,998"
B0357189471,Producto Home&Kitchen 630,Home&Kitchen,₹487,₹855,43%,4.0,"1,188"
B0668901834,Producto OfficeProducts 631,OfficeProducts,₹99,₹235,58%,3.9,"5,894"
B0104955121,Producto Computers&Accessories 632,Computers&Accessories,"₹2,121","₹5,438",61%,4.1,"18,183"
B0144613440,Producto Computers&Accessories 633,Computers&Accessories,₹161,₹358,55%,4.0,"8,673"
B0469946446,Producto Electronics 634,Electronics,"₹4,405","₹10,488",58%,3.7,611
B0697261187,Producto Computers&Accessories 635,Computers&Accessories,"₹1,217","₹2,765",56%,3.8,"14,023"
B0106960219,Producto Computers&Accessories 636,Computers&Accessories,"₹1,948","₹3,142",38%,3.5,"8,781"
B0754979849,Producto Electronics 637,Electronics,"₹1,843","₹3,613",49%,3.7,"2,258"
B0687423562,Producto Electronics 638,Electronics,₹410,₹684,40%,4.1,694
B0773343665,Producto Computers&Accessories 639,Computers&Accessories,"₹2,332","₹3,643",36%,3.9,"2,275"
B0738690966,Producto Electronics 640,Electronics,"₹1,847","₹3,420",46%,4.1,"3,027"
B0330261564,Producto Electronics 641,Electronics,₹854,"₹1,424",40%,4.5,939
B0861164334,Producto Electronics 642,Electronics,"₹4,886","₹6,980",30%,3.9,"4,303"
B0693304578,Producto Electronics 643,Electronics,"₹2,317","₹6,621",65%,4.2,"2,497"
B0281880806,Producto Electronics 644,Electronics,"₹2,801","₹7,003",60%,4.1,"1,248"
B0378356070,Producto OfficeProducts 645,OfficeProducts,₹646,"₹1,267",49%,4.8,"5,051"
B0320493072,Producto Computers&Accessories 646,Computers&Accessories,"₹1,053","₹1,333",21%,3.1,"6,502"
B0495879957,Producto Home&Kitchen 647,Home&Kitchen,₹610,"₹1,849",67%,3.9,"10,748"
B0397259123,Producto Home&Kitchen 648,Home&Kitchen,"₹1,161","₹2,580",55%,4.2,"7,792"
B0848343287,Producto Computers&Accessories 649,Computers&Accessories,"₹1,836","₹3,992",54%,3.8,"2,518"
B0944005263,Producto Electronics 650,Electronics,₹52,₹187,72%,4.2,"1,123"
B0472498535,Producto Computers&Accessories 651,Computers&Accessories,"₹1,376","₹1,965",30%,4.0,"1,049"
B0556784130,Producto Computers&Accessories 652,Computers&Accessories,₹532,"₹1,132",53%,4.3,"10,944"
B0499177011,Producto Home&Kitchen 653,Home&Kitchen,"₹1,294","₹3,235",60%,3.7,"1,835"
B0199609966,Producto Computers&Accessories 654,Computers&Accessories,"₹1,074","₹1,988",46%,4.1,"5,263"
B0471766176,Producto Electronics 655,Electronics,"₹2,512","₹4,651",46%,4.1,"6,858"
B0583011369,Producto Electronics 656,Electronics,"₹1,196","₹3,857",69%,4.1,752
B0625146753,Producto Computers&Accessories 657,Computers&Accessories,"₹1,707","₹5,021",66%,4.1,"5,571"
B0444579070,Producto Home&Kitchen 658,Home&Kitchen,"₹1,627","₹3,968",59%,4.4,"8,327"
B0781508141,Producto Computers&Accessories 659,Computers&Accessories,₹967,"₹2,148",55%,3.6,"15,617"
B0579597103,Producto Computers&Accessories 660,Computers&Accessories,"₹1,601","₹2,502",36%,|,"4,414"
B0167586074,Producto Health&PersonalCare 661,Health&PersonalCare,₹989,"₹1,252",21%,3.6,"5,080"
B0881974011,Producto Computers&Accessories 662,Computers&Accessories,₹518,₹751,31%,4.2,"2,449"
B0619900524,Producto Electronics 663,Electronics,₹780,"₹1,344",42%,3.8,"8,887"
B0656859752,Producto Electronics 664,Electronics,₹846,"₹1,922",56%,3.3,712
B0898731909,Producto Electronics 665,Electronics,"₹3,796","₹5,751",34%,4.2,"6,481"
B0574157559,Producto Electronics 666,Electronics,₹950,"₹3,517",73%,4.0,"6,588"
B0572295352,Producto Electronics 667,Electronics,"₹1,105","₹1,939",43%,4.1,"11,990"
B0708803403,Producto Electronics 668,Electronics,"₹2,314","₹7,714",70%,4.5,"10,362"
B0171796765,Producto Electronics 669,Electronics,₹549,₹752,27%,4.1,"3,005"
B0286922422,Producto Electronics 670,Electronics,"₹1,134","₹1,859",39%,4.0,"9,493"
B0141708883,Producto OfficeProducts 671,OfficeProducts,₹508,₹591,14%,3.9,"4,097"
B0418490749,Producto Electronics 672,Electronics,"₹7,807","₹10,550",26%,3.6,930
B0108152629,Producto Computers&Accessories 673,Computers&Accessories,₹429,"₹1,192",64%,4.0,"4,513"
B0632176666,Producto Computers&Accessories 674,Computers&Accessories,"₹1,635","₹3,084",47%,4.6,"1,656"
B0887732307,Producto Health&PersonalCare 675,Health&PersonalCare,₹337,₹443,24%,3.9,"4,417"
B0302341597,Producto Electronics 676,Electronics,₹524,"₹1,114",53%,4.0,"7,113"
B0307677255,Producto Computers&Accessories 677,Computers&Accessories,"₹1,856","₹3,042",39%,4.3,"16,760"
B0945168641,Producto Car&Motorbike 678,Car&Motorbike,₹513,₹986,48%,3.6,"3,078"
B0595077261,Producto OfficeProducts 679,OfficeProducts,₹382,₹429,11%,4.1,"2,108"
B0356770441,Producto Home&Kitchen 680,Home&Kitchen,₹295,₹355,17%,3.5,355
B0671986447,Producto Electronics 681,Electronics,"₹2,653","₹3,537",25%,4.1,"3,053"
B0959204915,Producto Electronics 682,Electronics,"₹5,829","₹8,968",35%,4.0,"2,948"
B0362202308,Producto Home&Kitchen 683,Home&Kitchen,₹328,₹745,56%,4.2,"5,885"
B0349933747,Producto Toys&Games 684,Toys&Games,₹112,₹273,59%,3.8,"3,315"
B0568902558,Producto Computers&Accessories 685,Computers&Accessories,₹202,₹388,48%,3.9,"3,145"
B0164475108,Producto Computers&Accessories 686,Computers&Accessories,₹193,₹344,44%,4.2,"5,205"
B0637124179,Producto Electronics 687,Electronics,"₹2,080","₹3,014",31%,3.8,"3,044"
B0258007190,Producto Home&Kitchen 688,Home&Kitchen,"₹1,070","₹1,337",20%,4.2,"2,556"
B0390265439,Producto Electronics 689,Electronics,"₹1,875","₹4,464",58%,4.1,"3,719"
B0380337193,Producto Electronics 690,Electronics,"₹1,843","₹3,123",41%,3.9,"17,381"
B0536205776,Producto Computers&Accessories 691,Computers&Accessories,"₹1,127","₹2,398",53%,3.9,"3,118"
B0650851517,Producto Computers&Accessories 692,Computers&Accessories,"₹3,279","₹5,558",41%,4.0,"3,347"
B0113691084,Producto Electronics 693,Electronics,"₹4,083","₹7,704",47%,4.0,477
B0606972784,Producto Electronics 694,Electronics,"₹5,510","₹7,446",26%,4.2,"8,995"
B0887351217,Producto Computers&Accessories 695,Computers&Accessories,"₹2,218","₹4,185",47%,3.9,116
B0303485904,Producto Electronics 696,Electronics,"₹1,918","₹5,329",64%,3.9,"1,723"
B0883745659,Producto Computers&Accessories 697,Computers&Accessories,₹311,₹457,32%,4.2,"6,716"
B0366589198,Producto Electronics 698,Electronics,"₹1,376","₹2,809",51%,3.9,387
B0485936811,Producto Computers&Accessories 699,Computers&Accessories,"₹1,666","₹2,563",35%,3.8,"1,746"
B0515652315,Producto Computers&Accessories 700,Computers&Accessories,₹791,₹976,19%,3.3,"2,085"
B0441129513,Producto Electronics 701,Electronics,"₹6,241","₹9,907",37%,3.7,"3,058"
B0294867756,Producto Electronics 702,Electronics,"₹1,023","₹2,558",60%,3.8,"2,186"
B0356287837,Producto Electronics 703,Electronics,₹189,₹653,71%,3.9,"10,205"
B0322062698,Producto Electronics 704,Electronics,"₹1,509","₹2,434",38%,3.8,"7,406"
B0827563682,Producto Health&PersonalCare 705,Health&PersonalCare,₹402,₹681,41%,4.3,"8,007"
B0175570453,Producto Electronics 706,Electronics,₹688,"₹1,563",56%,3.8,"2,708"
B0296849791,Producto Home&Kitchen 707,Home&Kitchen,₹626,"₹1,118",44%,3.8,"4,470"
B0540350665,Producto Electronics 708,Electronics,₹314,₹669,53%,4.1,"2,696"
B0104921802,Producto Home&Kitchen 709,Home&Kitchen,₹409,₹871,53%,3.7,"22,154"
B0700113189,Producto Home&Kitchen 710,Home&Kitchen,₹949,"₹1,265",25%,4.4,"5,529"
B0239175520,Producto Computers&Accessories 711,Computers&Accessories,₹701,"₹1,946",64%,4.3,"3,752"
B0723014085,Producto Computers&Accessories 712,Computers&Accessories,"₹1,691","₹3,677",54%,3.7,"19,408"
B0460943295,Producto Computers&Accessories 713,Computers&Accessories,₹245,₹874,72%,4.4,"4,759"
B0509954310,Producto Electronics 714,Electronics,"₹1,696","₹4,349",61%,4.4,"7,909"
B0914174197,Producto Toys&Games 715,Toys&Games,₹735,"₹1,131",35%,3.7,"6,539"
B0216620843,Producto MusicalInstruments 716,MusicalInstruments,₹496,"₹1,377",64%,3.7,"2,542"
B0749194827,Producto Car&Motorbike 717,Car&Motorbike,₹239,₹582,59%,3.9,"2,496"
B0125453062,Producto Electronics 718,Electronics,"₹7,468","₹9,958",25%,3.6,"6,284"
B0802179521,Producto Home&Kitchen 719,Home&Kitchen,₹697,₹981,29%,3.8,"6,405"
B0140380731,Producto Toys&Games 720,Toys&Games,₹821,"₹1,013",19%,3.8,"5,581"
B0389477632,Producto Electronics 721,Electronics,"₹2,647","₹4,644",43%,4.1,"6,788"
B0286595670,Producto Electronics 722,Electronics,₹598,₹867,31%,4.0,"16,151"
B0464299281,Producto Home&Kitchen 723,Home&Kitchen,₹570,"₹1,461",61%,4.0,"5,393"
B0565965675,Producto Computers&Accessories 724,Computers&Accessories,₹703,"₹2,342",70%,3.9,"2,205"
B0730587014,Producto MusicalInstruments 725,MusicalInstruments,"₹4,498","₹7,496",40%,3.6,848
B0734684786,Producto Electronics 726,Electronics,"₹2,211","₹3,747",41%,4.2,"3,146"
B0952593461,Producto Home&Kitchen 727,Home&Kitchen,"₹1,375","₹2,149",36%,4.1,"12,262"
B0750477122,Producto Electronics 728,Electronics,"₹2,240","₹5,894",62%,3.9,"7,026"
B0722956124,Producto Electronics 729,Electronics,"₹1,208","₹2,684",55%,3.7,"1,719"
B0680357769,Producto Electronics 730,Electronics,"₹7,365","₹12,483",41%,4.4,"12,061"
B0162779068,Producto Home&Kitchen 731,Home&Kitchen,₹282,₹655,57%,4.1,"1,305"
B0115242810,Producto Home&Kitchen 732,Home&Kitchen,₹72,₹248,71%,4.2,"2,085"
B0635926458,Producto Computers&Accessories 733,Computers&Accessories,₹743,"₹1,402",47%,4.1,"5,107"
B0587162090,Producto Computers&Accessories 734,Computers&Accessories,₹139,₹332,58%,3.7,"13,881"
B0602139972,Producto OfficeProducts 735,OfficeProducts,₹166,₹370,55%,4.5,"8,685"
B0227869374,Producto Computers&Accessories 736,Computers&Accessories,₹606,"₹2,090",71%,4.0,"1,953"
B0187667297,Producto Home&Kitchen 737,Home&Kitchen,₹695,"₹1,510",54%,4.3,"2,360"
B0117817607,Producto Computers&Accessories 738,Computers&Accessories,₹874,"₹1,533",43%,4.4,"6,304"
B0598069965,Producto Computers&Accessories 739,Computers&Accessories,₹630,"₹1,146",45%,4.0,798
B0332932327,Producto Computers&Accessories 740,Computers&Accessories,"₹1,206","₹1,386",13%,3.6,488
B0936388150,Producto Electronics 741,Electronics,"₹2,766","₹4,940",44%,3.3,"2,266"
B0314409349,Producto Home&Kitchen 742,Home&Kitchen,₹323,₹490,34%,4.0,"6,746"
B0806423168,Producto Computers&Accessories 743,Computers&Accessories,₹461,"₹1,152",60%,4.1,"9,851"
B0184336695,Producto Electronics 744,Electronics,"₹1,619","₹4,260",62%,3.9,"5,333"
B0255342183,Producto OfficeProducts 745,OfficeProducts,₹302,₹719,58%,4.1,"10,960"
B0539293898,Producto Computers&Accessories 746,Computers&Accessories,₹156,₹389,60%,4.2,"20,208"
B0184683889,Producto Computers&Accessories 747,Computers&Accessories,"₹2,865","₹4,276",33%,4.3,"2,641"
B0917556587,Producto HomeImprovement 748,HomeImprovement,₹326,₹680,52%,4.0,801
B0573556467,Producto Computers&Accessories 749,Computers&Accessories,₹612,₹728,16%,3.9,"1,959"
B0522722070,Producto Electronics 750,Electronics,₹517,₹907,43%,4.0,"1,539"
B0830128527,Producto Toys&Games 751,Toys&Games,₹622,"₹1,554",60%,4.1,"7,975"
B0766294927,Producto Computers&Accessories 752,Computers&Accessories,₹47,₹187,75%,3.9,"1,423"
B0961758059,Producto Electronics 753,Electronics,"₹3,263","₹4,532",28%,3.8,"2,988"
B0160417886,Producto Electronics 754,Electronics,"₹3,740","₹6,033",38%,3.9,"1,385"
B0131398334,Producto Home&Kitchen 755,Home&Kitchen,₹237,₹910,74%,4.1,
B0863799524,Producto Computers&Accessories 756,Computers&Accessories,"₹2,925","₹5,850",50%,3.8,"4,051"
B0157910656,Producto Computers&Accessories 757,Computers&Accessories,₹353,₹861,59%,3.9,"8,115"
B0958393449,Producto OfficeProducts 758,OfficeProducts,₹570,₹983,42%,4.5,"5,258"
B0175366232,Producto Home&Kitchen 759,Home&Kitchen,₹463,"₹1,362",66%,4.3,"3,340"
B0160101246,Producto Electronics 760,Electronics,"₹5,595","₹10,172",45%,3.7,"7,286"
B0606391956,Producto Electronics 761,Electronics,"₹2,553","₹2,659",4%,4.2,"2,827"
B0930757474,Producto Electronics 762,Electronics,"₹3,917","₹4,555",14%,4.1,"1,854"
B0934879141,Producto Home&Kitchen 763,Home&Kitchen,₹718,"₹1,355",47%,4.0,"7,763"
B0281896004,Producto Electronics 764,Electronics,₹548,₹741,26%,3.8,"3,874"
B0128770032,Producto Computers&Accessories 765,Computers&Accessories,"₹1,076","₹1,856",42%,3.8,"6,185"
B0904775473,Producto Home&Kitchen 766,Home&Kitchen,₹273,₹759,64%,4.1,"13,974"
B0934663179,Producto OfficeProducts 767,OfficeProducts,₹269,₹726,63%,3.8,"1,319"
B0513934404,Producto Electronics 768,Electronics,"₹2,402","₹4,620",48%,4.3,"28,600"
B0783387389,Producto Home&Kitchen 769,Home&Kitchen,"₹1,831","₹3,051",40%,4.4,"7,393"
B0598744392,Producto Electronics 770,Electronics,₹127,₹211,40%,4.0,"1,089"
B0915049515,Producto MusicalInstruments 771,MusicalInstruments,₹825,"₹2,501",67%,4.4,"18,242"
B0906705715,Producto Electronics 772,Electronics,₹441,₹981,55%,3.9,"2,209"
B0947507720,Producto Computers&Accessories 773,Computers&Accessories,"₹1,550","₹3,101",50%,3.8,"15,243"
B0391716322,Producto Home&Kitchen 774,Home&Kitchen,"₹2,773","₹4,865",43%,4.3,"1,506"
B0675411392,Producto Electronics 775,Electronics,₹508,"₹2,539",80%,4.5,"7,002"
B0592408558,Producto Electronics 776,Electronics,₹942,"₹1,682",44%,4.6,"11,329"
B0709146889,Producto Home&Kitchen 777,Home&Kitchen,₹550,₹846,35%,|,"7,240"
B0233329197,Producto Home&Kitchen 778,Home&Kitchen,₹317,₹373,15%,4.2,"4,469"
B0877301350,Producto Home&Kitchen 779,Home&Kitchen,₹58,₹100,42%,4.1,"10,234"
B0274847929,Producto Home&Kitchen 780,Home&Kitchen,"₹1,276","₹1,519",16%,4.3,"2,241"
B0769303588,Producto Computers&Accessories 781,Computers&Accessories,"₹1,186","₹2,010",41%,4.1,"10,594"
B0960193843,Producto Electronics 782,Electronics,₹999,"₹1,723",42%,4.2,"2,390"
B0766121967,Producto Electronics 783,Electronics,₹589,"₹1,228",52%,3.7,"13,532"
B0177294160,Producto Electronics 784,Electronics,"₹3,780","₹6,000",37%,3.9,"2,143"
B0714940671,Producto HomeImprovement 785,HomeImprovement,"₹1,661","₹2,307",28%,4.2,826
B0664667781,Producto Computers&Accessories 786,Computers&Accessories,₹922,"₹2,304",60%,4.3,"10,453"
B0228546745,Producto Computers&Accessories 787,Computers&Accessories,₹115,₹205,44%,4.3,"5,867"
B0394752612,Producto Computers&Accessories 788,Computers&Accessories,"₹1,006","₹1,796",44%,4.0,"5,951"
B0656498735,Producto Toys&Games 789,Toys&Games,₹529,₹961,45%,3.8,"2,878"
B0337759391,Producto Electronics 790,Electronics,"₹1,442","₹2,622",45%,4.0,"6,798"
B0693702992,Producto Computers&Accessories 791,Computers&Accessories,₹828,"₹1,799",54%,4.0,"15,030"
B0283835908,Producto Computers&Accessories 792,Computers&Accessories,₹758,"₹1,148",34%,4.1,"5,344"
B0381200645,Producto Computers&Accessories 793,Computers&Accessories,₹851,"₹1,669",49%,3.8,642
B0821883357,Producto Electronics 794,Electronics,"₹3,904","₹6,400",39%,3.9,"3,908"
B0390973588,Producto OfficeProducts 795,OfficeProducts,₹409,₹771,47%,4.0,"6,632"
B0921124905,Producto Toys&Games 796,Toys&Games,₹211,₹470,55%,3.4,"12,368"
B0700337488,Producto Computers&Accessories 797,Computers&Accessories,"₹1,167","₹1,643",29%,4.2,"7,455"
B0293062810,Producto Home&Kitchen 798,Home&Kitchen,"₹2,202","₹3,059",28%,4.0,"1,541"
B0423019266,Producto Toys&Games 799,Toys&Games,₹152,₹282,46%,4.1,"4,459"
B0292782556,Producto Home&Kitchen 800,Home&Kitchen,₹368,₹695,47%,3.9,"8,283"
B0794909276,Producto Electronics 801,Electronics,"₹1,667","₹2,874",42%,4.2,"7,400"
B0229466595,Producto Computers&Accessories 802,Computers&Accessories,₹557,"₹1,237",55%,3.8,"7,294"
B0748759585,Producto Computers&Accessories 803,Computers&Accessories,"₹1,924","₹4,934",61%,3.9,"1,040"
B0975398075,Producto Computers&Accessories 804,Computers&Accessories,"₹3,051","₹4,068",25%,4.1,"6,421"
B0609986265,Producto Home&Kitchen 805,Home&Kitchen,₹709,"₹1,058",33%,4.1,"4,991"
B0420251136,Producto Toys&Games 806,Toys&Games,"₹1,217","₹2,765",56%,3.7,"7,664"
B0412313786,Producto Toys&Games 807,Toys&Games,₹303,₹917,67%,4.5,"8,001"
B0130623225,Producto Computers&Accessories 808,Computers&Accessories,"₹3,250","₹5,603",42%,3.8,"3,362"
B0592450179,Producto Electronics 809,Electronics,"₹5,709","₹8,396",32%,3.9,"8,817"
B0880388966,Producto Health&PersonalCare 810,Health&PersonalCare,₹373,₹678,45%,4.5,"8,381"
B0467623565,Producto MusicalInstruments 811,MusicalInstruments,₹341,₹874,61%,3.5,"1,038"
B0180177517,Producto Electronics 812,Electronics,"₹1,916","₹3,483",45%,|,"3,756"
B0699321233,Producto Toys&Games 813,Toys&Games,₹255,₹404,37%,4.1,"3,099"
B0379959841,Producto OfficeProducts 814,OfficeProducts,₹558,₹979,43%,3.3,"1,874"
B0495263744,Producto Computers&Accessories 815,Computers&Accessories,"₹1,573","₹2,712",42%,3.4,"4,781"
B0568892980,Producto Computers&Accessories 816,Computers&Accessories,"₹1,178","₹2,455",52%,4.4,"6,713"
B0605978133,Producto Computers&Accessories 817,Computers&Accessories,"₹1,811","₹3,622",50%,3.9,"6,725"
B0492958140,Producto Electronics 818,Electronics,"₹1,806","₹4,201",57%,4.7,"14,861"
B0467281329,Producto Electronics 819,Electronics,₹868,"₹3,100",72%,3.8,"4,770"
B0702764187,Producto Home&Kitchen 820,Home&Kitchen,₹270,₹403,33%,3.9,"7,674"
B0176065142,Producto Electronics 821,Electronics,"₹1,174","₹1,956",40%,4.2,"2,483"
B0121980757,Producto Electronics 822,Electronics,₹742,"₹1,349",45%,4.1,"11,768"
B0327443447,Producto Computers&Accessories 823,Computers&Accessories,"₹2,835","₹3,780",25%,3.9,"1,961"
B0508058072,Producto Computers&Accessories 824,Computers&Accessories,₹718,"₹1,840",61%,3.9,"1,536"
B0104281385,Producto HomeImprovement 825,HomeImprovement,₹851,"₹1,182",28%,4.0,"5,031"
B0723956161,Producto Electronics 826,Electronics,₹561,"₹2,243",75%,4.5,"7,094"
B0530363974,Producto Electronics 827,Electronics,"₹2,553","₹7,092",64%,4.3,"6,580"
B0128915060,Producto Home&Kitchen 828,Home&Kitchen,"₹1,479","₹1,921",23%,3.8,818
B0194086608,Producto Computers&Accessories 829,Computers&Accessories,"₹1,550","₹2,246",31%,3.7,921
B0626061843,Producto Electronics 830,Electronics,"₹1,919","₹3,199",40%,3.8,"2,683"
B0306057835,Producto Computers&Accessories 831,Computers&Accessories,₹532,"₹1,023",48%,3.7,"7,041"
B0915536902,Producto Electronics 832,Electronics,"₹1,176","₹1,994",41%,4.0,"3,137"
B0226114271,Producto Electronics 833,Electronics,₹193,₹742,74%,4.3,"1,951"
B0456803019,Producto Computers&Accessories 834,Computers&Accessories,"₹2,663","₹3,248",18%,3.9,"7,648"
B0115555848,Producto Computers&Accessories 835,Computers&Accessories,"₹1,522","₹3,458",56%,4.5,"1,744"
B0456997658,Producto HomeImprovement 836,HomeImprovement,₹565,"₹1,711",67%,4.6,"7,953"
B0595528909,Producto Computers&Accessories 837,Computers&Accessories,₹636,₹896,29%,4.1,"7,006"
B0266051201,Producto Computers&Accessories 838,Computers&Accessories,"₹2,038","₹5,362",62%,4.3,"4,004"
B0652425556,Producto Home&Kitchen 839,Home&Kitchen,₹363,₹955,62%,3.8,"8,515"
B0244627003,Producto Electronics 840,Electronics,"₹2,576","₹4,770",46%,3.9,"13,832"
B0738609650,Producto Home&Kitchen 841,Home&Kitchen,₹288,₹395,27%,|,"7,255"
B0778665684,Producto Electronics 842,Electronics,"₹3,594","₹7,335",51%,3.9,"4,173"
B0707132848,Producto Car&Motorbike 843,Car&Motorbike,"₹1,191","₹2,018",41%,4.4,"5,530"
B0656600449,Producto Electronics 844,Electronics,"₹1,422","₹2,634",46%,4.3,266
B0903541648,Producto Computers&Accessories 845,Computers&Accessories,₹410,"₹1,414",71%,4.3,"3,765"
B0695391570,Producto Electronics 846,Electronics,"₹2,275","₹5,290",57%,3.7,247
B0575112807,Producto Health&PersonalCare 847,Health&PersonalCare,₹791,"₹1,098",28%,3.9,"1,352"
B0791808343,Producto Computers&Accessories 848,Computers&Accessories,₹504,"₹1,029",51%,4.2,"5,199"
B0508360907,Producto Computers&Accessories 849,Computers&Accessories,₹560,"₹1,930",71%,3.8,"6,663"
B0976112856,Producto Electronics 850,Electronics,"₹1,360","₹2,194",38%,3.9,"6,070"
B0114506454,Producto Home&Kitchen 851,Home&Kitchen,"₹1,814","₹2,834",36%,4.2,"17,894"
B0955492081,Producto Electronics 852,Electronics,"₹1,169","₹2,016",42%,3.8,678
B0382508794,Producto OfficeProducts 853,OfficeProducts,₹142,₹219,35%,3.8,"1,335"
B0903904865,Producto Electronics 854,Electronics,"₹2,292","₹5,458",58%,3.5,"4,868"
B0157629087,Producto Electronics 855,Electronics,"₹3,161","₹8,105",61%,3.9,"9,545"
B0269327666,Producto Electronics 856,Electronics,"₹1,624","₹5,238",69%,4.3,"3,246"
B0206186327,Producto Computers&Accessories 857,Computers&Accessories,"₹2,211","₹4,335",49%,3.8,"4,878"
B0837758270,Producto Computers&Accessories 858,Computers&Accessories,"₹3,963","₹7,339",46%,4.0,"5,997"
B0377902424,Producto Electronics 859,Electronics,"₹4,704","₹10,227",54%,4.0,"16,980"
B0280000444,Producto Home&Kitchen 860,Home&Kitchen,"₹1,623","₹3,864",58%,3.9,"1,013"
B0719752637,Producto Computers&Accessories 861,Computers&Accessories,₹915,"₹1,386",34%,4.2,"6,549"
B0671478616,Producto Computers&Accessories 862,Computers&Accessories,"₹2,063","₹3,438",40%,4.5,"10,559"
B0574312027,Producto Computers&Accessories 863,Computers&Accessories,"₹1,293","₹2,351",45%,4.3,"8,447"
B0787900491,Producto Computers&Accessories 864,Computers&Accessories,"₹1,230","₹2,320",47%,3.8,"11,226"
B0591054255,Producto Computers&Accessories 865,Computers&Accessories,"₹2,096","₹4,460",53%,4.6,"1,864"
B0221260807,Producto Electronics 866,Electronics,"₹1,935","₹4,962",61%,4.3,221
B0525618308,Producto Electronics 867,Electronics,"₹2,184","₹3,165",31%,3.8,"8,961"
B0653545610,Producto OfficeProducts 868,OfficeProducts,₹69,₹383,82%,3.9,"4,067"
B0798363433,Producto Toys&Games 869,Toys&Games,₹573,"₹1,123",49%,4.3,"4,989"
B0691917538,Producto Computers&Accessories 870,Computers&Accessories,"₹1,413","₹1,835",23%,4.0,"3,573"
B0338220406,Producto Electronics 871,Electronics,"₹4,907","₹7,112",31%,3.7,"3,630"
B0428859816,Producto Home&Kitchen 872,Home&Kitchen,₹914,"₹2,611",65%,4.0,"11,549"
B0706199403,Producto Computers&Accessories 873,Computers&Accessories,"₹1,964","₹2,806",30%,3.9,"5,225"
B0829720805,Producto Electronics 874,Electronics,₹718,"₹1,330",46%,|,792
B0689523090,Producto Electronics 875,Electronics,₹674,"₹2,408",72%,4.4,"6,318"
B0230612911,Producto Home&Kitchen 876,Home&Kitchen,₹953,"₹3,970",76%,4.3,"8,934"
B0946003636,Producto Home&Kitchen 877,Home&Kitchen,₹548,"₹1,828",70%,4.3,"10,303"
B0730251958,Producto Electronics 878,Electronics,"₹3,962","₹8,086",51%,4.3,"4,695"
B0250449340,Producto Electronics 879,Electronics,₹667,"₹1,389",52%,3.8,"2,454"
B0535744927,Producto Electronics 880,Electronics,"₹9,186","₹19,137",52%,3.9,"10,176"
B0651015213,Producto Home&Kitchen 881,Home&Kitchen,₹157,₹235,33%,4.4,"3,181"
B0720961627,Producto Electronics 882,Electronics,"₹2,661","₹4,927",46%,4.0,"7,748"
B0838213795,Producto Electronics 883,Electronics,₹340,₹558,39%,3.6,"7,123"
B0690195089,Producto Home&Kitchen 884,Home&Kitchen,"₹1,440","₹2,667",46%,4.1,"5,885"
B0867480393,Producto Electronics 885,Electronics,"₹1,240","₹1,653",25%,4.1,"1,850"
B0381240415,Producto Home&Kitchen 886,Home&Kitchen,₹878,"₹1,111",21%,4.1,"5,154"
B0295646481,Producto Electronics 887,Electronics,"₹1,920","₹4,266",55%,3.8,"3,419"
B0622018955,Producto Electronics 888,Electronics,"₹2,926","₹5,852",50%,4.6,"32,004"
B0620519904,Producto Electronics 889,Electronics,"₹1,753","₹2,922",40%,3.6,"6,873"
B0389907245,Producto Home&Kitchen 890,Home&Kitchen,₹778,"₹1,467",47%,4.0,"8,880"
B0196901558,Producto OfficeProducts 891,OfficeProducts,₹430,₹827,48%,4.5,"14,657"
B0119662373,Producto MusicalInstruments 892,MusicalInstruments,"₹1,536","₹2,648",42%,4.2,301
B0734123981,Producto Computers&Accessories 893,Computers&Accessories,"₹1,190","₹1,803",34%,4.2,"3,974"
B0683016833,Producto Home&Kitchen 894,Home&Kitchen,₹460,₹837,45%,3.7,"9,192"
B0213123848,Producto Electronics 895,Electronics,"₹2,322","₹4,300",46%,4.1,"2,689"
B0989746684,Producto Electronics 896,Electronics,"₹2,265","₹4,195",46%,4.0,686
B0402067588,Producto OfficeProducts 897,OfficeProducts,₹57,₹378,85%,3.8,"6,491"
B0223999329,Producto Electronics 898,Electronics,"₹1,998","₹2,895",31%,4.2,"1,600"
B0130206738,Producto Electronics 899,Electronics,₹356,₹565,37%,3.8,"1,618"
B0845360454,Producto Electronics 900,Electronics,"₹1,635","₹2,772",41%,3.8,"3,290"
B0301161254,Producto Electronics 901,Electronics,₹352,₹587,40%,4.1,"1,121"
B0223912080,Producto Electronics 902,Electronics,"₹1,524","₹2,275",33%,3.9,"2,995"
B0528814782,Producto Computers&Accessories 903,Computers&Accessories,₹343,₹837,59%,4.1,"6,784"
B0583503193,Producto Computers&Accessories 904,Computers&Accessories,₹605,"₹1,081",44%,4.0,"19,162"
B0242577069,Producto OfficeProducts 905,OfficeProducts,"₹1,322","₹1,653",20%,4.3,"2,357"
B0450433386,Producto Home&Kitchen 906,Home&Kitchen,₹374,₹440,15%,3.7,"2,274"
B0118679259,Producto Electronics 907,Electronics,"₹1,542","₹2,447",37%,3.9,"6,459"
B0341575365,Producto Electronics 908,Electronics,"₹3,967","₹4,266",7%,4.1,"2,020"
B0770753671,Producto Computers&Accessories 909,Computers&Accessories,₹166,₹268,38%,3.7,"1,874"
B0100714335,Producto Computers&Accessories 910,Computers&Accessories,"₹1,480","₹1,850",20%,3.7,"6,841"
B0556028050,Producto Electronics 911,Electronics,"₹3,345","₹3,982",16%,4.0,"10,279"
B0911095165,Producto Computers&Accessories 912,Computers&Accessories,₹271,₹796,66%,4.3,"4,465"
B0990070162,Producto Computers&Accessories 913,Computers&Accessories,₹305,₹525,42%,4.3,"2,575"
B0890604055,Producto Computers&Accessories 914,Computers&Accessories,"₹2,857","₹3,616",21%,4.0,"1,453"
B0249205943,Producto Computers&Accessories 915,Computers&Accessories,₹216,₹281,23%,3.8,"5,296"
B0848046032,Producto Electronics 916,Electronics,₹966,"₹2,416",60%,4.1,"14,789"
B0932047095,Producto Toys&Games 917,Toys&Games,₹148,₹250,41%,4.2,"6,666"
B0417300855,Producto Home&Kitchen 918,Home&Kitchen,₹81,₹100,19%,4.0,"5,711"
B0729149457,Producto Electronics 919,Electronics,"₹5,675","₹7,183",21%,4.3,"8,836"
B0730809896,Producto OfficeProducts 920,OfficeProducts,₹314,"₹1,084",71%,3.8,"17,357"
B0394869935,Producto Computers&Accessories 921,Computers&Accessories,"₹3,276","₹4,748",31%,3.8,"5,003"
B0560930129,Producto OfficeProducts 922,OfficeProducts,₹518,₹740,30%,4.3,"2,945"
B0232395455,Producto Home&Kitchen 923,Home&Kitchen,₹238,₹418,43%,3.6,"6,581"
B0699742351,Producto Computers&Accessories 924,Computers&Accessories,₹509,"₹1,377",63%,3.9,"12,629"
B0899704783,Producto Electronics 925,Electronics,₹398,₹797,50%,3.8,"3,326"
B0154047715,Producto Electronics 926,Electronics,"₹1,687","₹2,677",37%,3.6,194
B0963889302,Producto Computers&Accessories 927,Computers&Accessories,"₹2,360","₹4,290",45%,4.0,"2,944"
B0405712597,Producto Home&Kitchen 928,Home&Kitchen,₹466,₹832,44%,4.2,"3,376"
B0827295398,Producto Electronics 929,Electronics,"₹3,186","₹4,306",26%,4.0,"3,317"
B0843771680,Producto Electronics 930,Electronics,"₹3,042","₹4,056",25%,4.2,"5,965"
B0411770135,Producto MusicalInstruments 931,MusicalInstruments,₹417,₹772,46%,4.3,"9,103"
B0127922230,Producto Health&PersonalCare 932,Health&PersonalCare,₹76,₹158,52%,3.9,"3,365"
B0773040060,Producto Computers&Accessories 933,Computers&Accessories,"₹2,540","₹3,342",24%,4.7,"7,766"
B0224098643,Producto Electronics 934,Electronics,"₹1,291","₹1,519",15%,3.8,"4,174"
B0275286496,Producto Electronics 935,Electronics,"₹3,228","₹4,483",28%,3.9,"5,203"
B0819376350,Producto Electronics 936,Electronics,₹344,"₹1,495",77%,3.9,"2,625"
B0524648359,Producto HomeImprovement 937,HomeImprovement,₹369,₹542,32%,4.1,"7,611"
B0297726393,Producto Electronics 938,Electronics,"₹3,046","₹4,415",31%,3.9,"4,330"
B0394189430,Producto Computers&Accessories 939,Computers&Accessories,₹859,"₹1,790",52%,4.0,"4,564"
B0283197767,Producto Electronics 940,Electronics,"₹2,007","₹2,509",20%,3.9,"1,591"
B0218222921,Producto Computers&Accessories 941,Computers&Accessories,₹504,₹854,41%,3.9,"2,925"
B0901896320,Producto Home&Kitchen 942,Home&Kitchen,₹697,"₹1,366",49%,4.1,"10,305"
B0944526932,Producto Home&Kitchen 943,Home&Kitchen,₹346,₹597,42%,3.9,"6,622"
B0942418328,Producto Electronics 944,Electronics,"₹1,556","₹4,864",68%,4.0,"3,130"
B0706570591,Producto Electronics 945,Electronics,₹766,"₹1,392",45%,4.3,"5,862"
B0378772156,Producto Electronics 946,Electronics,₹820,"₹2,486",67%,4.0,"8,538"
B0305811373,Producto HomeImprovement 947,HomeImprovement,₹931,"₹1,478",37%,4.1,"2,600"
B0693398893,Producto OfficeProducts 948,OfficeProducts,₹591,₹832,29%,3.7,"5,891"
B0711706313,Producto Computers&Accessories 949,Computers&Accessories,"₹1,567","₹2,749",43%,3.9,455
B0725953595,Producto Computers&Accessories 950,Computers&Accessories,₹950,"₹1,863",49%,3.7,"7,329"
B0107961650,Producto Home&Kitchen 951,Home&Kitchen,₹163,₹418,61%,4.6,"12,038"
B0570627068,Producto Electronics 952,Electronics,"₹3,877","₹5,965",35%,4.4,"6,233"
B0607195375,Producto HomeImprovement 953,HomeImprovement,₹617,₹979,37%,4.2,"3,713"
B0698328392,Producto Computers&Accessories 954,Computers&Accessories,₹370,"₹1,194",69%,4.7,"3,098"
B0389583315,Producto Computers&Accessories 955,Computers&Accessories,₹755,"₹1,110",32%,4.2,"4,465"
B0679108271,Producto Computers&Accessories 956,Computers&Accessories,"₹2,925","₹5,850",50%,4.0,"6,922"
B0570133927,Producto Electronics 957,Electronics,"₹1,443","₹2,830",49%,4.1,"9,220"
B0648215558,Producto Electronics 958,Electronics,₹633,₹867,27%,4.3,"2,041"
B0838126154,Producto Home&Kitchen 959,Home&Kitchen,"₹1,933","₹2,762",30%,3.7,"2,241"
B0182147045,Producto Electronics 960,Electronics,"₹1,807","₹2,476",27%,3.6,"2,112"
B0424907758,Producto Computers&Accessories 961,Computers&Accessories,₹616,"₹1,258",51%,4.1,897
B0603008398,Producto Electronics 962,Electronics,₹786,"₹1,210",35%,3.8,"9,391"
B0982286149,Producto Computers&Accessories 963,Computers&Accessories,₹678,"₹2,118",68%,3.4,"11,204"
B0222738108,Producto Electronics 964,Electronics,"₹2,784","₹6,187",55%,3.7,"1,846"
B0541584439,Producto Computers&Accessories 965,Computers&Accessories,"₹1,197","₹2,176",45%,3.9,"15,716"
B0424899209,Producto Home&Kitchen 966,Home&Kitchen,₹482,₹817,41%,4.0,"3,629"
B0368734975,Producto Electronics 967,Electronics,₹551,₹716,23%,4.0,"6,396"
B0682332239,Producto Computers&Accessories 968,Computers&Accessories,₹703,"₹1,634",57%,4.6,"11,784"
B0694696812,Producto Computers&Accessories 969,Computers&Accessories,"₹1,105","₹2,512",56%,4.0,132
B0193853386,Producto Home&Kitchen 970,Home&Kitchen,₹381,₹569,33%,4.1,"4,473"
B0497452984,Producto Toys&Games 971,Toys&Games,"₹1,178","₹1,707",31%,3.5,"1,182"
B0682612770,Producto Home&Kitchen 972,Home&Kitchen,₹660,₹835,21%,3.9,240
B0193850951,Producto Electronics 973,Electronics,"₹2,292","₹4,245",46%,4.1,"5,837"
B0969726811,Producto Electronics 974,Electronics,₹993,"₹2,309",57%,3.7,"7,134"
B0572536322,Producto Electronics 975,Electronics,"₹4,571","₹5,643",19%,3.7,"1,596"
B0363112513,Producto Computers&Accessories 976,Computers&Accessories,"₹1,364","₹2,273",40%,4.1,"5,158"
B0699104948,Producto Electronics 977,Electronics,"₹5,079","₹9,069",44%,3.9,"11,352"
B0487263181,Producto Computers&Accessories 978,Computers&Accessories,"₹1,412","₹2,314",39%,4.0,"3,533"
B0917733171,Producto Computers&Accessories 979,Computers&Accessories,"₹1,234","₹3,010",59%,4.2,"1,357"
B0453814876,Producto Electronics 980,Electronics,"₹3,092","₹3,865",20%,4.5,"8,404"
B0724586420,Producto Home&Kitchen 981,Home&Kitchen,₹216,₹424,49%,4.0,"3,380"
B0491507758,Producto Electronics 982,Electronics,"₹5,516","₹7,258",24%,4.5,"2,344"
B0599476994,Producto Electronics 983,Electronics,"₹1,919","₹4,264",55%,3.5,"2,980"
B0710876864,Producto Home&Kitchen 984,Home&Kitchen,"₹1,160","₹1,841",37%,4.0,"3,117"
B0631818894,Producto Computers&Accessories 985,Computers&Accessories,"₹3,260","₹4,127",21%,3.9,401
B0959139667,Producto Home&Kitchen 986,Home&Kitchen,"₹1,886","₹2,549",26%,3.8,"4,273"
B0104131029,Producto Computers&Accessories 987,Computers&Accessories,₹294,₹774,62%,4.2,"7,575"
B0738594593,Producto Electronics 988,Electronics,₹651,"₹1,001",35%,3.9,"3,076"
B0448650033,Producto Home&Kitchen 989,Home&Kitchen,₹282,₹612,54%,3.5,"4,566"
B0606086688,Producto Home&Kitchen 990,Home&Kitchen,₹330,₹388,15%,3.5,"4,091"
B0321379842,Producto Home&Kitchen 991,Home&Kitchen,₹552,₹849,35%,4.2,"5,678"
B0553691649,Producto Electronics 992,Electronics,₹622,"₹1,152",46%,3.6,"1,861"
B0976500355,Producto Computers&Accessories 993,Computers&Accessories,₹499,₹768,35%,4.2,"1,747"
B0867092495,Producto Computers&Accessories 994,Computers&Accessories,"₹1,354","₹2,603",48%,4.1,"19,885"
B0212282293,Producto Electronics 995,Electronics,₹189,₹631,70%,4.0,"7,428"
B0353949472,Producto HomeImprovement 996,HomeImprovement,₹726,"₹1,008",28%,3.9,"3,119"
B0531672584,Producto Electronics 997,Electronics,"₹3,390","₹5,948",43%,4.2,"7,653"
B0480689720,Producto Car&Motorbike 998,Car&Motorbike,"₹1,664","₹2,218",25%,3.6,"1,659"
B0879998247,Producto Computers&Accessories 999,Computers&Accessories,"₹2,321","₹3,137",26%,4.0,"7,264"
B0686220517,Producto Electronics 1000,Electronics,"₹3,784","₹5,484",31%,3.7,"2,397"
B0871603251,Producto Computers&Accessories 1001,Computers&Accessories,"₹1,019","₹3,286",69%,4.1,520
B0468122065,Producto OfficeProducts 1002,OfficeProducts,₹67,₹240,72%,4.3,"6,289"
B0134162959,Producto Home&Kitchen 1003,Home&Kitchen,₹684,"₹1,006",32%,4.0,"1,324"
B0698314119,Producto Home&Kitchen 1004,Home&Kitchen,"₹1,362","₹1,918",29%,4.1,"3,321"
B0838255446,Producto Home&Kitchen 1005,Home&Kitchen,₹354,₹824,57%,3.8,"3,401"
B0119932219,Producto Home&Kitchen 1006,Home&Kitchen,₹258,₹831,69%,4.1,"8,423"
B0333590269,Producto MusicalInstruments 1007,MusicalInstruments,"₹1,396","₹2,971",53%,4.0,"15,300"
B0140992419,Producto Electronics 1008,Electronics,"₹7,299","₹9,999",27%,3.9,"6,463"
B0167747330,Producto Computers&Accessories 1009,Computers&Accessories,"₹1,987","₹3,613",45%,3.8,"5,296"
B0659582222,Producto Electronics 1010,Electronics,₹359,₹652,45%,3.9,"4,850"
B0164372325,Producto Health&PersonalCare 1011,Health&PersonalCare,₹390,₹549,29%,3.7,"4,295"
B0354106622,Producto Toys&Games 1012,Toys&Games,₹145,₹303,52%,3.6,"11,150"
B0473680864,Producto Electronics 1013,Electronics,"₹1,937","₹6,053",68%,3.9,"8,273"
B0549725137,Producto Home&Kitchen 1014,Home&Kitchen,"₹1,245","₹2,895",57%,4.2,506
B0679451414,Producto Toys&Games 1015,Toys&Games,"₹2,072","₹2,496",17%,4.0,"1,148"
B0182674818,Producto Electronics 1016,Electronics,"₹4,714","₹5,892",20%,3.6,"6,172"
B0891887517,Producto Computers&Accessories 1017,Computers&Accessories,"₹1,641","₹2,931",44%,3.9,"5,407"
B0399759276,Producto HomeImprovement 1018,HomeImprovement,₹766,"₹1,446",47%,4.2,"14,220"
B0659972368,Producto Electronics 1019,Electronics,₹621,"₹1,321",53%,3.9,"8,220"
B0203185265,Producto Home&Kitchen 1020,Home&Kitchen,₹660,"₹1,158",43%,3.6,"3,933"
B0528383161,Producto Electronics 1021,Electronics,"₹2,800","₹3,733",25%,4.6,"5,100"
B0833313849,Producto Toys&Games 1022,Toys&Games,₹365,₹420,13%,3.9,"1,613"
B0366855391,Producto Health&PersonalCare 1023,Health&PersonalCare,₹505,₹683,26%,3.6,"2,409"
B0429593709,Producto Toys&Games 1024,Toys&Games,"₹1,662","₹2,725",39%,4.0,"1,103"
B0884746680,Producto Computers&Accessories 1025,Computers&Accessories,₹951,"₹3,171",70%,4.1,"2,644"
B0570560134,Producto OfficeProducts 1026,OfficeProducts,₹367,₹633,42%,3.6,"1,181"
B0503195302,Producto MusicalInstruments 1027,MusicalInstruments,"₹2,748","₹3,478",21%,4.0,"3,298"
B0880549965,Producto Electronics 1028,Electronics,"₹1,582","₹3,679",57%,4.3,"3,712"
B0452888249,Producto Home&Kitchen 1029,Home&Kitchen,₹431,₹980,56%,4.0,733
B0123801527,Producto Electronics 1030,Electronics,₹545,₹851,36%,3.4,"4,649"
B0220018574,Producto Computers&Accessories 1031,Computers&Accessories,"₹1,796","₹3,325",46%,4.1,"3,326"
B0934219563,Producto Electronics 1032,Electronics,"₹3,108","₹4,570",32%,4.1,"8,017"
B0841975559,Producto Electronics 1033,Electronics,"₹2,291","₹4,582",50%,3.9,"6,745"
B0482984271,Producto Electronics 1034,Electronics,"₹1,895","₹7,287",74%,3.9,"5,517"
B0540802088,Producto Home&Kitchen 1035,Home&Kitchen,₹479,₹812,41%,|,"3,305"
B0538787745,Producto Electronics 1036,Electronics,"₹2,370","₹3,160",25%,3.8,"1,396"
B0701405741,Producto Home&Kitchen 1037,Home&Kitchen,₹362,₹594,39%,3.7,"6,166"
B0754044375,Producto Electronics 1038,Electronics,"₹1,194","₹2,095",43%,4.0,"8,117"
B0747734519,Producto Electronics 1039,Electronics,₹703,₹976,28%,4.1,"3,897"
B0659146524,Producto Computers&Accessories 1040,Computers&Accessories,₹745,"₹1,049",29%,4.1,"4,925"
B0423228943,Producto Home&Kitchen 1041,Home&Kitchen,₹658,"₹1,604",59%,3.4,"8,760"
B0152902020,Producto Electronics 1042,Electronics,"₹5,913","₹11,371",48%,3.8,"7,440"
B0294180100,Producto Computers&Accessories 1043,Computers&Accessories,₹436,₹726,40%,4.3,"6,462"
B0225844211,Producto OfficeProducts 1044,OfficeProducts,₹259,₹518,50%,4.1,"1,373"
B0829052701,Producto Computers&Accessories 1045,Computers&Accessories,"₹1,572","₹6,286",75%,3.7,"2,311"
B0573283188,Producto Electronics 1046,Electronics,"₹2,254","₹4,795",53%,4.4,"4,241"
B0921290673,Producto Electronics 1047,Electronics,"₹2,320","₹4,070",43%,4.3,"3,877"
B0774030577,Producto OfficeProducts 1048,OfficeProducts,₹167,₹299,44%,3.9,"2,128"
B0921731050,Producto Electronics 1049,Electronics,"₹1,627","₹2,805",42%,4.3,"2,230"
B0276535692,Producto OfficeProducts 1050,OfficeProducts,₹188,₹391,52%,4.6,"5,054"
B0360489698,Producto Computers&Accessories 1051,Computers&Accessories,"₹1,206","₹2,804",57%,3.7,"4,971"
B0884334128,Producto Toys&Games 1052,Toys&Games,₹657,"₹1,027",36%,4.1,"6,527"
B0695880280,Producto Home&Kitchen 1053,Home&Kitchen,₹247,₹851,71%,4.6,985
B0715685389,Producto Health&PersonalCare 1054,Health&PersonalCare,₹170,₹396,57%,4.2,"3,573"
B0362876267,Producto Computers&Accessories 1055,Computers&Accessories,"₹2,009","₹4,565",56%,3.8,697
B0957646637,Producto Home&Kitchen 1056,Home&Kitchen,₹946,"₹2,955",68%,4.1,"5,829"
B0512740057,Producto Computers&Accessories 1057,Computers&Accessories,"₹1,011","₹1,532",34%,4.4,"4,709"
B0306267473,Producto Computers&Accessories 1058,Computers&Accessories,₹628,"₹1,569",60%,3.8,"4,267"
B0787107709,Producto Computers&Accessories 1059,Computers&Accessories,₹466,₹685,32%,4.0,"3,059"
B0463172947,Producto OfficeProducts 1060,OfficeProducts,₹416,₹527,21%,3.9,"2,083"
B0480030241,Producto Health&PersonalCare 1061,Health&PersonalCare,₹299,₹506,41%,3.8,"3,544"
B0937827654,Producto Home&Kitchen 1062,Home&Kitchen,"₹1,186","₹1,625",27%,4.0,"5,676"
B0895324590,Producto Computers&Accessories 1063,Computers&Accessories,₹950,"₹1,697",44%,4.0,"3,113"
B0280606779,Producto Computers&Accessories 1064,Computers&Accessories,"₹2,378","₹5,170",54%,4.2,"1,607"
B0335545417,Producto Home&Kitchen 1065,Home&Kitchen,"₹1,764","₹3,208",45%,4.3,"6,498"
B0916991694,Producto Electronics 1066,Electronics,"₹9,597","₹11,563",17%,3.6,"4,762"
B0761322593,Producto Electronics 1067,Electronics,"₹1,384","₹4,324",68%,4.1,"1,639"
B0982236506,Producto Computers&Accessories 1068,Computers&Accessories,₹753,"₹1,638",54%,4.0,"1,131"
B0675175124,Producto Electronics 1069,Electronics,"₹2,046","₹4,092",50%,4.1,"1,331"
B0773503070,Producto Electronics 1070,Electronics,"₹1,606","₹2,769",42%,4.0,"3,920"
B0137539249,Producto Electronics 1071,Electronics,"₹3,007","₹7,335",59%,3.8,"15,423"
B0269118968,Producto Electronics 1072,Electronics,"₹1,172","₹5,326",78%,4.5,"22,488"
B0714873731,Producto Electronics 1073,Electronics,"₹1,308","₹2,255",42%,4.5,"6,911"
B0719496378,Producto Health&PersonalCare 1074,Health&PersonalCare,₹251,₹809,69%,4.2,"1,613"
B0675109968,Producto Computers&Accessories 1075,Computers&Accessories,₹218,₹336,35%,|,"12,900"
B0771156464,Producto Computers&Accessories 1076,Computers&Accessories,"₹2,179","₹5,586",61%,4.1,"16,689"
B0715357117,Producto Home&Kitchen 1077,Home&Kitchen,₹304,₹692,56%,4.3,"2,452"
B0876117743,Producto Electronics 1078,Electronics,"₹4,814","₹8,160",41%,3.3,"2,944"
B0773542483,Producto Toys&Games 1079,Toys&Games,₹279,₹507,45%,4.0,"8,302"
B0724548632,Producto Home&Kitchen 1080,Home&Kitchen,₹436,"₹1,322",67%,3.9,"13,832"
B0694298326,Producto Electronics 1081,Electronics,"₹1,091","₹2,538",57%,4.1,"4,671"
B0933345998,Producto Computers&Accessories 1082,Computers&Accessories,"₹1,154","₹2,884",60%,4.4,"12,571"
B0529857568,Producto OfficeProducts 1083,OfficeProducts,₹129,₹231,44%,4.0,"6,043"
B0968019474,Producto Toys&Games 1084,Toys&Games,₹60,₹100,40%,3.9,"5,252"
B0951965752,Producto Computers&Accessories 1085,Computers&Accessories,"₹3,689","₹4,854",24%,3.6,"3,402"
B0294588686,Producto Computers&Accessories 1086,Computers&Accessories,"₹4,218","₹5,550",24%,3.9,"11,415"
B0577813800,Producto Electronics 1087,Electronics,₹877,"₹2,249",61%,4.2,"6,119"
B0180085199,Producto Health&PersonalCare 1088,Health&PersonalCare,₹101,₹240,58%,3.8,"6,934"
B0537257275,Producto Electronics 1089,Electronics,"₹1,309","₹2,786",53%,3.5,"12,853"
B0224963180,Producto Toys&Games 1090,Toys&Games,₹186,₹266,30%,4.6,"7,970"
B0661777903,Producto Home&Kitchen 1091,Home&Kitchen,"₹1,017","₹1,614",37%,4.1,"2,627"
B0366623583,Producto Computers&Accessories 1092,Computers&Accessories,₹753,"₹1,537",51%,4.0,"4,590"
B0454475797,Producto Computers&Accessories 1093,Computers&Accessories,₹902,"₹1,367",34%,4.4,"2,244"
B0481614239,Producto Electronics 1094,Electronics,₹708,"₹2,023",65%,4.1,"5,409"
B0983532172,Producto Electronics 1095,Electronics,"₹1,932","₹3,067",37%,4.4,"4,379"
B0617175795,Producto Electronics 1096,Electronics,"₹1,295","₹2,490",48%,4.4,"3,984"
B0282927568,Producto Electronics 1097,Electronics,"₹2,283","₹3,127",27%,3.6,"3,544"
B0401118596,Producto Home&Kitchen 1098,Home&Kitchen,₹591,₹703,16%,4.1,561
B0988857008,Producto Computers&Accessories 1099,Computers&Accessories,"₹2,580","₹4,161",38%,4.5,"21,105"
B0559491936,Producto Electronics 1100,Electronics,"₹2,539","₹4,304",41%,3.7,"3,299"
B0466679770,Producto Car&Motorbike 1101,Car&Motorbike,₹755,"₹1,179",36%,3.7,"3,511"
B0298232452,Producto OfficeProducts 1102,OfficeProducts,₹227,₹267,15%,3.7,"7,558"
B0609377508,Producto Toys&Games 1103,Toys&Games,₹416,"₹1,434",71%,4.3,"10,414"
B0794284870,Producto Health&PersonalCare 1104,Health&PersonalCare,₹164,₹293,44%,4.1,"3,242"
B0856363695,Producto Electronics 1105,Electronics,"₹1,688","₹3,517",52%,3.5,"2,905"
B0563099153,Producto Computers&Accessories 1106,Computers&Accessories,₹888,"₹1,268",30%,4.1,"9,097"
B0224645726,Producto Home&Kitchen 1107,Home&Kitchen,"₹1,658","₹1,998",17%,3.9,"7,635"
B0715956613,Producto Home&Kitchen 1108,Home&Kitchen,₹284,₹747,62%,4.0,"3,314"
B0667401537,Producto Electronics 1109,Electronics,"₹2,865","₹5,406",47%,3.8,"11,685"
B0961897932,Producto Home&Kitchen 1110,Home&Kitchen,₹403,₹640,37%,4.1,825
B0835669545,Producto Electronics 1111,Electronics,₹318,₹419,24%,4.3,"12,567"
B0155734388,Producto Electronics 1112,Electronics,"₹1,032","₹1,876",45%,3.8,"5,590"
B0107212979,Producto Computers&Accessories 1113,Computers&Accessories,₹931,"₹2,517",63%,3.6,"12,101"
B0188155402,Producto Computers&Accessories 1114,Computers&Accessories,₹487,₹696,30%,3.9,"6,148"
B0551983129,Producto Computers&Accessories 1115,Computers&Accessories,₹836,"₹1,818",54%,4.2,"3,604"
B0276113812,Producto Electronics 1116,Electronics,₹612,"₹2,914",79%,4.0,"5,718"
B0761257409,Producto OfficeProducts 1117,OfficeProducts,"₹1,349","₹1,984",32%,3.6,"2,162"
B0440666023,Producto Electronics 1118,Electronics,₹500,"₹1,561",68%,4.3,"3,307"
B0919148599,Producto Electronics 1119,Electronics,"₹5,360","₹9,241",42%,4.4,"8,004"
B0276078709,Producto OfficeProducts 1120,OfficeProducts,₹160,₹314,49%,4.0,575
B0219482515,Producto Car&Motorbike 1121,Car&Motorbike,₹841,"₹1,828",54%,3.6,"3,533"
B0705385168,Producto OfficeProducts 1122,OfficeProducts,₹338,₹512,34%,3.9,"4,199"
B0978658511,Producto Home&Kitchen 1123,Home&Kitchen,₹441,₹849,48%,4.1,640
B0602839864,Producto Home&Kitchen 1124,Home&Kitchen,₹220,₹314,30%,3.7,"4,369"
B0570554601,Producto Computers&Accessories 1125,Computers&Accessories,"₹2,062","₹3,033",32%,4.1,"6,945"
B0329737476,Producto Electronics 1126,Electronics,"₹2,090","₹6,530",68%,3.8,"7,604"
B0927408909,Producto Computers&Accessories 1127,Computers&Accessories,"₹1,777","₹2,962",40%,4.0,"6,350"
B0479914519,Producto Computers&Accessories 1128,Computers&Accessories,₹518,"₹1,150",55%,4.0,"5,643"
B0286272242,Producto Electronics 1129,Electronics,₹564,"₹2,452",77%,4.3,"2,602"
B0747072179,Producto Home&Kitchen 1130,Home&Kitchen,₹488,"₹1,061",54%,4.0,"4,250"
B0538299439,Producto Computers&Accessories 1131,Computers&Accessories,"₹1,256","₹3,221",61%,4.0,"3,470"
B0652465623,Producto Electronics 1132,Electronics,"₹3,703","₹7,122",48%,3.8,"4,642"
B0793537454,Producto Electronics 1133,Electronics,₹985,"₹2,661",63%,4.1,"2,722"
B0274684987,Producto Home&Kitchen 1134,Home&Kitchen,₹137,₹185,26%,3.9,"8,151"
B0739138760,Producto Electronics 1135,Electronics,₹247,₹485,49%,3.8,781
B0346261250,Producto OfficeProducts 1136,OfficeProducts,₹166,₹338,51%,4.1,"2,918"
B0245860470,Producto Computers&Accessories 1137,Computers&Accessories,"₹2,420","₹3,968",39%,4.1,"3,662"
B0874904968,Producto Computers&Accessories 1138,Computers&Accessories,"₹1,544","₹3,088",50%,3.9,"6,853"
B0232779985,Producto Computers&Accessories 1139,Computers&Accessories,"₹1,774","₹3,348",47%,4.3,"8,115"
B0764549987,Producto Home&Kitchen 1140,Home&Kitchen,₹497,₹672,26%,4.0,"7,609"
B0860998482,Producto Electronics 1141,Electronics,"₹1,010","₹2,295",56%,3.7,"8,104"
B0733349399,Producto Home&Kitchen 1142,Home&Kitchen,"₹1,353","₹2,332",42%,4.4,"4,619"
B0328295048,Producto Computers&Accessories 1143,Computers&Accessories,"₹1,310","₹5,954",78%,4.3,"14,060"
B0449106656,Producto Electronics 1144,Electronics,"₹3,532","₹6,307",44%,4.3,"4,555"
B0570068736,Producto OfficeProducts 1145,OfficeProducts,₹745,"₹1,262",41%,4.1,756
B0567642995,Producto Home&Kitchen 1146,Home&Kitchen,₹387,₹645,40%,3.3,559
B0635459826,Producto Home&Kitchen 1147,Home&Kitchen,₹858,"₹1,950",56%,4.3,"4,662"
B0998206114,Producto OfficeProducts 1148,OfficeProducts,₹65,₹192,66%,4.1,"1,978"
B0437020105,Producto OfficeProducts 1149,OfficeProducts,₹888,"₹1,388",36%,4.1,"4,018"
B0261495691,Producto Home&Kitchen 1150,Home&Kitchen,₹716,"₹1,592",55%,4.2,"10,588"
B0951593873,Producto MusicalInstruments 1151,MusicalInstruments,"₹1,390","₹1,986",30%,4.5,"3,510"
B0219079373,Producto Home&Kitchen 1152,Home&Kitchen,₹66,₹117,44%,3.9,399
B0519178249,Producto Home&Kitchen 1153,Home&Kitchen,₹774,₹968,20%,3.8,"4,796"
B0344329673,Producto Computers&Accessories 1154,Computers&Accessories,"₹1,617","₹2,047",21%,3.7,"1,900"
B0388440471,Producto Home&Kitchen 1155,Home&Kitchen,₹596,"₹1,325",55%,3.7,"3,515"
B0398856526,Producto Electronics 1156,Electronics,"₹1,580","₹2,678",41%,3.7,"17,908"
B0105010631,Producto OfficeProducts 1157,OfficeProducts,₹224,₹423,47%,3.5,"7,443"
B0610662754,Producto OfficeProducts 1158,OfficeProducts,₹140,₹311,55%,4.2,"13,838"
B0500318417,Producto Electronics 1159,Electronics,"₹5,522","₹9,521",42%,4.6,"4,324"
B0553621736,Producto Home&Kitchen 1160,Home&Kitchen,"₹2,466","₹4,251",42%,4.6,"23,641"
B0542825615,Producto Electronics 1161,Electronics,"₹1,856","₹3,866",52%,3.8,"1,843"
B0405027773,Producto Electronics 1162,Electronics,"₹1,319","₹1,669",21%,3.9,547
B0594488964,Producto Home&Kitchen 1163,Home&Kitchen,₹209,₹475,56%,4.4,"28,197"
B0165816364,Producto Electronics 1164,Electronics,"₹1,677","₹2,662",37%,4.1,423
B0605914741,Producto Home&Kitchen 1165,Home&Kitchen,"₹2,362","₹4,143",43%,4.0,"2,926"
B0754206003,Producto MusicalInstruments 1166,MusicalInstruments,"₹1,172","₹3,005",61%,4.0,"8,535"
B0801332422,Producto Computers&Accessories 1167,Computers&Accessories,"₹2,919","₹4,633",37%,4.3,"3,618"
B0353449839,Producto Electronics 1168,Electronics,"₹3,659","₹7,318",50%,3.7,"2,193"
B0879966598,Producto Electronics 1169,Electronics,"₹3,031","₹5,318",43%,|,"4,891"
B0582800026,Producto Computers&Accessories 1170,Computers&Accessories,₹609,₹734,17%,4.0,"3,168"
B0946981080,Producto Health&PersonalCare 1171,Health&PersonalCare,₹925,"₹1,101",16%,4.0,"3,655"
B0707684053,Producto Home&Kitchen 1172,Home&Kitchen,₹136,₹390,65%,4.3,"17,038"
B0623953263,Producto Electronics 1173,Electronics,"₹1,281","₹1,731",26%,4.0,"6,119"
B0191145740,Producto Home&Kitchen 1174,Home&Kitchen,₹914,"₹1,549",41%,3.9,"3,489"
B0102843408,Producto Computers&Accessories 1175,Computers&Accessories,₹980,"₹1,532",36%,4.0,"5,318"
B0292544488,Producto Home&Kitchen 1176,Home&Kitchen,₹646,"₹1,538",58%,3.6,"3,762"
B0564622635,Producto Electronics 1177,Electronics,₹412,₹980,58%,4.2,"7,877"
B0782202696,Producto Home&Kitchen 1178,Home&Kitchen,₹468,₹650,28%,4.2,"1,978"
B0507722244,Producto Computers&Accessories 1179,Computers&Accessories,"₹2,098","₹3,227",35%,3.8,"2,491"
B0239326182,Producto Car&Motorbike 1180,Car&Motorbike,"₹4,029","₹6,296",36%,3.7,"7,405"
B0489126688,Producto Electronics 1181,Electronics,"₹4,930","₹8,500",42%,3.8,"1,321"
B0992889475,Producto Home&Kitchen 1182,Home&Kitchen,₹230,₹256,10%,3.9,"5,861"
B0227057371,Producto Toys&Games 1183,Toys&Games,₹310,₹597,48%,4.1,"16,850"
B0884428441,Producto Electronics 1184,Electronics,"₹1,700","₹1,977",14%,4.4,"2,585"
B0585084739,Producto Toys&Games 1185,Toys&Games,₹490,₹732,33%,4.4,"1,628"
B0599271695,Producto Home&Kitchen 1186,Home&Kitchen,₹921,"₹1,535",40%,4.2,"2,411"
B0382150884,Producto Electronics 1187,Electronics,"₹1,666","₹2,083",20%,4.0,"10,853"
B0479671189,Producto Electronics 1188,Electronics,"₹4,555","₹6,699",32%,3.7,"1,060"
B0374683683,Producto Home&Kitchen 1189,Home&Kitchen,"₹1,889","₹2,819",33%,4.5,"1,708"
B0214239589,Producto Electronics 1190,Electronics,"₹3,039","₹7,236",58%,4.0,485
B0523861433,Producto Computers&Accessories 1191,Computers&Accessories,₹296,₹926,68%,4.1,"3,944"
B0431817910,Producto Electronics 1192,Electronics,"₹3,570","₹4,250",16%,4.1,"3,950"
B0826776738,Producto Computers&Accessories 1193,Computers&Accessories,"₹1,442","₹4,242",66%,4.1,"17,023"
B0779452696,Producto Electronics 1194,Electronics,"₹4,269","₹5,929",28%,4.3,"3,133"
B0984276295,Producto OfficeProducts 1195,OfficeProducts,₹768,"₹1,130",32%,4.1,"6,456"
B0633263952,Producto Health&PersonalCare 1196,Health&PersonalCare,₹877,"₹1,290",32%,4.3,"2,353"
B0729227068,Producto Car&Motorbike 1197,Car&Motorbike,₹274,₹856,68%,4.2,"1,681"
B0130269457,Producto Home&Kitchen 1198,Home&Kitchen,₹113,₹209,46%,4.0,"12,030"
B0250744817,Producto Electronics 1199,Electronics,"₹1,523","₹2,626",42%,|,"5,110"
B0180446009,Producto Home&Kitchen 1200,Home&Kitchen,₹547,"₹1,032",47%,4.0,"7,787"
B0708175435,Producto Electronics 1201,Electronics,"₹9,904","₹15,237",35%,3.6,"3,724"
B0421447480,Producto Electronics 1202,Electronics,"₹1,180","₹1,935",39%,3.7,582
B0980475232,Producto Electronics 1203,Electronics,"₹5,702","₹7,405",23%,4.2,"8,060"
B0837367051,Producto Computers&Accessories 1204,Computers&Accessories,"₹3,088","₹8,347",63%,3.7,"2,249"
B0443141386,Producto Home&Kitchen 1205,Home&Kitchen,"₹1,202","₹4,294",72%,4.0,"8,731"
B0934877324,Producto Home&Kitchen 1206,Home&Kitchen,₹665,"₹1,231",46%,3.7,"1,137"
B0669424034,Producto Computers&Accessories 1207,Computers&Accessories,"₹1,723","₹3,745",54%,3.9,"1,495"
B0294696474,Producto Electronics 1208,Electronics,"₹3,829","₹3,989",4%,3.9,"1,297"
B0607508440,Producto Health&PersonalCare 1209,Health&PersonalCare,₹142,₹249,43%,3.9,"1,671"
B0579388519,Producto Computers&Accessories 1210,Computers&Accessories,"₹1,702","₹5,157",67%,3.7,"1,223"
B0127847920,Producto Computers&Accessories 1211,Computers&Accessories,"₹2,245","₹3,207",30%,3.9,"16,403"
B0610733356,Producto Electronics 1212,Electronics,₹576,"₹1,477",61%,3.8,"4,835"
B0177595593,Producto Home&Kitchen 1213,Home&Kitchen,₹396,₹922,57%,3.9,646
B0566354430,Producto Home&Kitchen 1214,Home&Kitchen,₹762,"₹1,105",31%,4.2,"1,168"
B0613157186,Producto Electronics 1215,Electronics,"₹3,190","₹7,596",58%,4.3,"2,543"
B0445571308,Producto Electronics 1216,Electronics,₹473,"₹1,127",58%,3.7,"2,723"
B0844057749,Producto Home&Kitchen 1217,Home&Kitchen,₹324,₹421,23%,4.4,"7,517"
B0374414541,Producto Home&Kitchen 1218,Home&Kitchen,₹722,"₹1,473",51%,3.9,"5,471"
B0961922345,Producto Electronics 1219,Electronics,₹362,"₹1,391",74%,3.9,"5,555"
B0567662611,Producto Car&Motorbike 1220,Car&Motorbike,₹541,"₹1,082",50%,3.8,772
B0567552047,Producto Electronics 1221,Electronics,"₹1,505","₹2,213",32%,4.0,"6,046"
B0391968785,Producto Computers&Accessories 1222,Computers&Accessories,₹136,₹212,36%,4.5,850
B0241363583,Producto Toys&Games 1223,Toys&Games,₹230,₹418,45%,3.6,"2,994"
B0563672553,Producto Computers&Accessories 1224,Computers&Accessories,"₹1,442","₹1,758",18%,3.4,"2,969"
B0882812101,Producto Home&Kitchen 1225,Home&Kitchen,"₹1,555","₹2,429",36%,4.1,"5,627"
B0955115465,Producto Computers&Accessories 1226,Computers&Accessories,"₹3,040","₹7,238",58%,4.2,"6,391"
B0861872868,Producto Electronics 1227,Electronics,"₹1,053","₹1,699",38%,4.0,"4,904"
B0961298437,Producto Health&PersonalCare 1228,Health&PersonalCare,₹103,₹570,82%,4.3,"7,895"
B0159203594,Producto Computers&Accessories 1229,Computers&Accessories,"₹1,843","₹3,021",39%,3.7,795
B0961565336,Producto OfficeProducts 1230,OfficeProducts,"₹1,186","₹2,893",59%,3.8,959
B0722614635,Producto Electronics 1231,Electronics,₹509,"₹2,120",76%,4.1,"12,223"
B0966437099,Producto Electronics 1232,Electronics,"₹1,063","₹1,611",34%,4.5,"9,932"
B0338949469,Producto Electronics 1233,Electronics,"₹1,068","₹2,484",57%,4.2,"1,755"
B0675903827,Producto Home&Kitchen 1234,Home&Kitchen,₹240,₹600,60%,4.2,"6,600"
B0937089337,Producto Computers&Accessories 1235,Computers&Accessories,"₹1,418","₹3,377",58%,3.7,"5,959"
B0632573476,Producto OfficeProducts 1236,OfficeProducts,₹623,"₹1,325",53%,4.2,"5,357"
B0825855247,Producto Computers&Accessories 1237,Computers&Accessories,"₹1,312","₹2,523",48%,3.7,"8,658"
B0558564188,Producto Car&Motorbike 1238,Car&Motorbike,₹863,"₹1,438",40%,4.5,"3,465"
B0447685832,Producto Electronics 1239,Electronics,"₹3,264","₹8,368",61%,3.8,"3,323"
B0699584932,Producto OfficeProducts 1240,OfficeProducts,₹465,₹567,18%,3.7,"6,059"
B0144057012,Producto Home&Kitchen 1241,Home&Kitchen,₹814,"₹2,201",63%,3.6,992
B0983501782,Producto Home&Kitchen 1242,Home&Kitchen,₹398,"₹1,047",62%,4.1,"10,531"
B0659265423,Producto MusicalInstruments 1243,MusicalInstruments,₹730,₹869,16%,4.0,"9,522"
B0992405521,Producto Home&Kitchen 1244,Home&Kitchen,₹900,"₹2,813",68%,4.5,"10,795"
B0968391314,Producto Computers&Accessories 1245,Computers&Accessories,"₹1,847","₹2,638",30%,4.2,"3,876"
B0170033323,Producto Electronics 1246,Electronics,"₹4,362","₹7,036",38%,|,908
B0489879169,Producto Electronics 1247,Electronics,"₹2,108","₹4,583",54%,4.3,"6,512"
B0847599801,Producto Toys&Games 1248,Toys&Games,₹483,"₹1,124",57%,3.7,"2,042"
B0310834569,Producto Computers&Accessories 1249,Computers&Accessories,₹483,"₹1,027",53%,3.8,"3,313"
B0560591917,Producto Home&Kitchen 1250,Home&Kitchen,₹883,"₹1,839",52%,4.1,"6,820"
B0412044241,Producto Computers&Accessories 1251,Computers&Accessories,"₹2,182","₹5,196",58%,3.7,"1,770"
B0980818706,Producto Electronics 1252,Electronics,"₹1,405","₹3,123",55%,4.3,"1,667"
B0223381541,Producto Electronics 1253,Electronics,"₹1,401","₹2,030",31%,4.6,"2,959"
B0422789668,Producto Home&Kitchen 1254,Home&Kitchen,"₹1,175","₹2,259",48%,3.9,"12,333"
B0197252826,Producto Computers&Accessories 1255,Computers&Accessories,₹318,₹636,50%,3.8,"5,841"
B0739876094,Producto Electronics 1256,Electronics,"₹3,980","₹9,046",56%,4.0,"2,329"
B0507859055,Producto Computers&Accessories 1257,Computers&Accessories,"₹1,227","₹1,728",29%,3.8,"1,749"
B0153805517,Producto Electronics 1258,Electronics,"₹3,824","₹5,883",35%,4.1,"10,250"
B0550129708,Producto Computers&Accessories 1259,Computers&Accessories,"₹1,460","₹2,655",45%,3.6,742
B0578199156,Producto Electronics 1260,Electronics,"₹6,324","₹7,528",16%,4.0,"8,600"
B0994635169,Producto Home&Kitchen 1261,Home&Kitchen,"₹1,990","₹2,926",32%,4.5,"1,908"
B0717085569,Producto Electronics 1262,Electronics,"₹2,779","₹3,914",29%,3.4,"7,208"
B0549570859,Producto Computers&Accessories 1263,Computers&Accessories,"₹4,201","₹6,365",34%,3.7,"6,602"
B0297406560,Producto Electronics 1264,Electronics,₹529,₹928,43%,3.9,"1,411"
B0437122386,Producto Electronics 1265,Electronics,"₹3,227","₹4,816",33%,4.1,
B0646147195,Producto Computers&Accessories 1266,Computers&Accessories,"₹2,472","₹5,259",53%,4.3,821
B0150821658,Producto Computers&Accessories 1267,Computers&Accessories,"₹1,463","₹3,112",53%,4.3,"12,668"
B0519102511,Producto Computers&Accessories 1268,Computers&Accessories,₹620,"₹1,266",51%,3.6,"1,271"
B0363371613,Producto Electronics 1269,Electronics,"₹1,671","₹3,978",58%,3.9,"10,947"
B0336533146,Producto Home&Kitchen 1270,Home&Kitchen,₹455,₹813,44%,3.8,888
B0325049940,Producto OfficeProducts 1271,OfficeProducts,₹232,₹422,45%,4.0,"1,590"
B0237474758,Producto Home&Kitchen 1272,Home&Kitchen,"₹1,022","₹1,548",34%,4.0,"13,055"
B0391587711,Producto Electronics 1273,Electronics,₹77,₹149,48%,3.6,"5,602"
B0728034789,Producto Computers&Accessories 1274,Computers&Accessories,"₹1,549","₹1,780",13%,3.8,"1,060"
B0465614097,Producto Electronics 1275,Electronics,"₹3,538","₹3,846",8%,4.1,"3,596"
B0926862240,Producto Electronics 1276,Electronics,₹881,"₹3,671",76%,3.9,"6,932"
B0412572767,Producto Health&PersonalCare 1277,Health&PersonalCare,₹90,₹266,66%,4.0,"4,348"
B0999378041,Producto Electronics 1278,Electronics,"₹2,725","₹4,954",45%,4.5,"6,902"
B0363739277,Producto Computers&Accessories 1279,Computers&Accessories,"₹1,186","₹2,196",46%,4.6,"14,701"
B0415441573,Producto Computers&Accessories 1280,Computers&Accessories,"₹2,603","₹7,656",66%,3.5,"7,979"
B0825569189,Producto Home&Kitchen 1281,Home&Kitchen,"₹1,460","₹1,921",24%,4.0,"5,418"
B0746627075,Producto Computers&Accessories 1282,Computers&Accessories,₹501,"₹1,391",64%,4.9,"3,091"
B0448214123,Producto Electronics 1283,Electronics,"₹2,967","₹5,934",50%,4.2,"1,137"
B0285031357,Producto Electronics 1284,Electronics,₹231,₹641,64%,4.1,"5,226"
B0805368401,Producto Computers&Accessories 1285,Computers&Accessories,"₹1,552","₹2,282",32%,4.3,"8,666"
B0955671049,Producto Electronics 1286,Electronics,"₹2,114","₹4,227",50%,4.1,345
B0776332898,Producto Computers&Accessories 1287,Computers&Accessories,₹944,"₹2,302",59%,4.2,"3,533"
B0950794855,Producto Electronics 1288,Electronics,₹572,"₹1,682",66%,4.0,"8,030"
B0514292981,Producto Electronics 1289,Electronics,"₹2,126","₹3,604",41%,4.1,"12,275"
B0558942680,Producto Computers&Accessories 1290,Computers&Accessories,₹528,₹754,30%,4.1,"3,645"
B0863659089,Producto Electronics 1291,Electronics,"₹5,877","₹10,311",43%,4.2,"2,808"
B0745010126,Producto Computers&Accessories 1292,Computers&Accessories,₹907,"₹2,267",60%,3.9,"4,933"
B0580112280,Producto Home&Kitchen 1293,Home&Kitchen,"₹1,012","₹1,808",44%,3.9,"6,556"
B0645973215,Producto Home&Kitchen 1294,Home&Kitchen,₹305,₹328,7%,3.4,244
B0263303092,Producto Electronics 1295,Electronics,"₹1,411","₹2,075",32%,3.9,"1,336"
B0126500307,Producto Electronics 1296,Electronics,"₹3,332","₹5,207",36%,4.3,"1,943"
B0650643472,Producto Electronics 1297,Electronics,"₹5,036","₹6,805",26%,4.1,"2,645"
B0225254584,Producto Home&Kitchen 1298,Home&Kitchen,₹323,₹567,43%,3.7,"8,792"
B0751562186,Producto Home&Kitchen 1299,Home&Kitchen,₹721,"₹1,803",60%,3.5,"1,303"
B0162046924,Producto Electronics 1300,Electronics,₹728,"₹2,512",71%,4.0,"2,858"
B0151696600,Producto Toys&Games 1301,Toys&Games,₹103,₹132,22%,4.2,782
B0398465171,Producto Electronics 1302,Electronics,"₹1,089","₹2,017",46%,3.9,"3,050"
B0876094591,Producto Computers&Accessories 1303,Computers&Accessories,"₹2,002","₹4,352",54%,3.6,"3,078"
B0180422040,Producto Home&Kitchen 1304,Home&Kitchen,"₹1,012","₹2,811",64%,3.9,"4,262"
B0284397481,Producto OfficeProducts 1305,OfficeProducts,₹453,₹824,45%,4.1,"23,841"
B0360220656,Producto Home&Kitchen 1306,Home&Kitchen,₹494,"₹1,411",65%,4.4,"12,637"
B0736840692,Producto Home&Kitchen 1307,Home&Kitchen,₹483,₹928,48%,3.9,"4,202"
B0595938880,Producto Electronics 1308,Electronics,₹132,₹264,50%,4.3,"8,362"
B0645662387,Producto Home&Kitchen 1309,Home&Kitchen,₹973,"₹1,677",42%,4.3,"2,769"
B0401676111,Producto Electronics 1310,Electronics,"₹1,182","₹1,619",27%,3.6,"12,810"
B0662907631,Producto OfficeProducts 1311,OfficeProducts,₹694,"₹1,652",58%,4.4,"12,306"
B0393609051,Producto Computers&Accessories 1312,Computers&Accessories,₹539,₹709,24%,4.0,"6,219"
B0486217108,Producto Home&Kitchen 1313,Home&Kitchen,₹896,"₹2,715",67%,3.7,"13,182"
B0883618589,Producto Computers&Accessories 1314,Computers&Accessories,₹211,₹352,40%,4.5,"19,276"
B0617976698,Producto Home&Kitchen 1315,Home&Kitchen,"₹2,475","₹5,755",57%,4.0,"1,706"
B0466780290,Producto Computers&Accessories 1316,Computers&Accessories,₹365,₹570,36%,3.4,"7,445"
B0643327557,Producto Home&Kitchen 1317,Home&Kitchen,"₹1,324","₹2,817",53%,3.8,"6,315"
B0232078620,Producto Electronics 1318,Electronics,"₹1,417","₹1,968",28%,3.7,"4,000"
B0130077625,Producto Electronics 1319,Electronics,"₹2,541","₹5,186",51%,3.8,"14,002"
B0200173898,Producto Electronics 1320,Electronics,"₹6,318","₹10,358",39%,3.9,"1,491"
B0112152364,Producto Electronics 1321,Electronics,"₹1,864","₹2,701",31%,3.9,"3,528"
B0983242564,Producto OfficeProducts 1322,OfficeProducts,"₹1,733","₹2,889",40%,3.9,"3,453"
B0534119153,Producto Electronics 1323,Electronics,"₹3,790","₹10,528",64%,4.0,"7,652"
B0610684575,Producto Health&PersonalCare 1324,Health&PersonalCare,₹76,₹119,36%,4.2,"6,613"
B0680181870,Producto Electronics 1325,Electronics,"₹2,463","₹3,329",26%,3.8,"7,962"
B0491635665,Producto Electronics 1326,Electronics,"₹1,084","₹2,779",61%,4.4,"6,659"
B0979965934,Producto Home&Kitchen 1327,Home&Kitchen,₹341,"₹1,313",74%,3.7,"17,314"
B0959455795,Producto Home&Kitchen 1328,Home&Kitchen,₹522,₹933,44%,4.2,"7,625"
B0773319615,Producto Computers&Accessories 1329,Computers&Accessories,₹437,₹951,54%,4.5,"2,050"
B0954451059,Producto Computers&Accessories 1330,Computers&Accessories,₹576,"₹1,985",71%,4.0,"3,236"
B0541982566,Producto Home&Kitchen 1331,Home&Kitchen,"₹1,424","₹1,899",25%,4.0,"6,286"
B0141239792,Producto Electronics 1332,Electronics,₹46,₹145,68%,3.8,"7,402"
B0969937404,Producto Health&PersonalCare 1333,Health&PersonalCare,₹794,₹957,17%,3.8,"4,005"
B0884642983,Producto Health&PersonalCare 1334,Health&PersonalCare,₹247,₹575,57%,4.5,"24,572"
B0203093467,Producto Home&Kitchen 1335,Home&Kitchen,"₹2,207","₹3,448",36%,4.2,"10,124"
B0629230220,Producto Electronics 1336,Electronics,"₹1,208","₹2,324",48%,4.1,"3,336"
B0237259993,Producto Home&Kitchen 1337,Home&Kitchen,₹410,₹774,47%,3.5,"3,079"
B0356695631,Producto Electronics 1338,Electronics,"₹1,194","₹1,681",29%,3.8,"2,189"
B0262731736,Producto Electronics 1339,Electronics,"₹3,362","₹4,873",31%,4.5,"2,037"
B0176084937,Producto Electronics 1340,Electronics,₹335,₹486,31%,4.1,"16,251"
B0770098460,Producto Computers&Accessories 1341,Computers&Accessories,₹481,"₹1,119",57%,4.2,"8,141"
B0650257133,Producto OfficeProducts 1342,OfficeProducts,₹356,₹775,54%,4.1,"1,395"
B0571724990,Producto Home&Kitchen 1343,Home&Kitchen,₹148,₹291,49%,3.9,"14,264"
B0353773797,Producto Home&Kitchen 1344,Home&Kitchen,"₹1,007","₹1,343",25%,4.1,"1,816"
B0370649043,Producto Computers&Accessories 1345,Computers&Accessories,"₹2,383","₹5,071",53%,3.6,"4,924"
B0391290613,Producto Electronics 1346,Electronics,"₹4,152","₹7,414",44%,3.6,"3,930"
B0532059545,Producto Computers&Accessories 1347,Computers&Accessories,₹823,"₹1,915",57%,3.8,790
B0636087782,Producto Health&PersonalCare 1348,Health&PersonalCare,₹757,₹996,24%,4.0,272
B0972101989,Producto Electronics 1349,Electronics,"₹1,845","₹4,732",61%,3.6,"8,246"
B0300129338,Producto OfficeProducts 1350,OfficeProducts,₹457,₹775,41%,4.0,"11,459"
B0766187952,Producto Computers&Accessories 1351,Computers&Accessories,"₹1,957","₹3,317",41%,3.7,"4,851"
B0708796340,Producto Computers&Accessories 1352,Computers&Accessories,₹884,"₹1,550",43%,3.8,"23,885"
B0635696286,Producto Home&Kitchen 1353,Home&Kitchen,₹170,"₹1,001",83%,4.5,"4,228"
B0753568231,Producto Computers&Accessories 1354,Computers&Accessories,"₹2,319","₹2,899",20%,4.0,383
B0249624843,Producto OfficeProducts 1355,OfficeProducts,₹440,₹667,34%,3.7,"5,088"
B0166974905,Producto HomeImprovement 1356,HomeImprovement,"₹1,113","₹2,182",49%,4.1,"1,777"
B0581524472,Producto Computers&Accessories 1357,Computers&Accessories,"₹2,257","₹3,640",38%,3.6,"3,251"
B0777503907,Producto Electronics 1358,Electronics,"₹2,031","₹5,802",65%,4.2,"13,764"
B0662944265,Producto Computers&Accessories 1359,Computers&Accessories,"₹2,498","₹3,123",20%,4.3,"2,297"
B0737593477,Producto HomeImprovement 1360,HomeImprovement,₹876,"₹1,152",24%,4.1,"3,549"
B0205485446,Producto Electronics 1361,Electronics,"₹4,793","₹5,706",16%,4.5,"10,141"
B0927417332,Producto Computers&Accessories 1362,Computers&Accessories,"₹2,016","₹4,290",53%,3.5,"3,184"
B0818726174,Producto Home&Kitchen 1363,Home&Kitchen,"₹1,326","₹1,658",20%,4.0,"4,955"
B0495046746,Producto Home&Kitchen 1364,Home&Kitchen,₹128,₹611,79%,3.7,"8,641"
B0756216322,Producto Electronics 1365,Electronics,"₹1,153","₹3,391",66%,4.0,"4,721"
B0453890734,Producto Home&Kitchen 1366,Home&Kitchen,₹245,₹302,19%,3.9,"2,750"
B0166571645,Producto HomeImprovement 1367,HomeImprovement,"₹1,469","₹2,369",38%,4.6,"5,507"
B0539650772,Producto Electronics 1368,Electronics,"₹2,803","₹5,721",51%,4.0,"2,551"
B0658284288,Producto Electronics 1369,Electronics,"₹1,369","₹1,611",15%,3.9,"4,193"
B0932382892,Producto Health&PersonalCare 1370,Health&PersonalCare,₹146,₹291,50%,4.3,"2,987"
B0532953269,Producto Electronics 1371,Electronics,"₹4,230","₹8,135",48%,4.0,"2,896"
B0944332977,Producto OfficeProducts 1372,OfficeProducts,₹258,₹369,30%,4.5,"1,766"
B0703544782,Producto Computers&Accessories 1373,Computers&Accessories,₹280,₹474,41%,4.2,"12,936"
B0593786200,Producto Electronics 1374,Electronics,"₹1,012","₹1,150",12%,4.2,722
B0478781890,Producto OfficeProducts 1375,OfficeProducts,₹242,₹527,54%,3.5,"14,711"
B0256120477,Producto Computers&Accessories 1376,Computers&Accessories,"₹1,103","₹1,433",23%,4.5,"3,994"
B0267717325,Producto Computers&Accessories 1377,Computers&Accessories,₹827,"₹1,532",46%,3.8,"2,820"
B0894522739,Producto Computers&Accessories 1378,Computers&Accessories,"₹1,942","₹3,468",44%,4.0,"1,643"
B0535146947,Producto Computers&Accessories 1379,Computers&Accessories,₹519,"₹1,298",60%,3.9,"2,044"
B0293112099,Producto Electronics 1380,Electronics,"₹2,002","₹4,550",56%,3.8,"2,459"
B0498956610,Producto Computers&Accessories 1381,Computers&Accessories,₹162,₹737,78%,3.8,"39,263"
B0202331012,Producto Car&Motorbike 1382,Car&Motorbike,"₹1,287","₹2,859",55%,4.1,"2,830"
B0429329944,Producto Electronics 1383,Electronics,₹544,"₹1,296",58%,3.5,"5,978"
B0661184222,Producto Home&Kitchen 1384,Home&Kitchen,₹486,"₹1,278",62%,4.0,"4,316"
B0147792071,Producto Electronics 1385,Electronics,"₹1,265","₹3,011",58%,4.3,"24,478"
B0567580633,Producto Home&Kitchen 1386,Home&Kitchen,"₹1,208","₹1,610",25%,4.1,"4,577"
B0508437057,Producto Electronics 1387,Electronics,"₹3,907","₹5,919",34%,4.1,"1,151"
B0745985947,Producto Car&Motorbike 1388,Car&Motorbike,₹282,₹881,68%,3.8,"3,235"
B0688065007,Producto Computers&Accessories 1389,Computers&Accessories,"₹1,507","₹3,767",60%,3.6,"22,410"
B0345167096,Producto Electronics 1390,Electronics,"₹4,948","₹7,277",32%,4.3,"8,937"
B0283839803,Producto Electronics 1391,Electronics,"₹2,126","₹2,834",25%,3.8,"3,118"
B0901845897,Producto Electronics 1392,Electronics,"₹7,884","₹10,512",25%,3.9,"1,310"
B0898120497,Producto Computers&Accessories 1393,Computers&Accessories,"₹1,125","₹2,679",58%,4.0,"2,238"
B0480438182,Producto Electronics 1394,Electronics,"₹1,373","₹2,543",46%,4.2,"1,625"
B0666569124,Producto Home&Kitchen 1395,Home&Kitchen,₹898,"₹1,340",33%,4.5,783
B0487784892,Producto Computers&Accessories 1396,Computers&Accessories,"₹3,548","₹6,570",46%,4.4,"10,399"
B0876689126,Producto Electronics 1397,Electronics,"₹2,690","₹4,410",39%,3.3,"4,665"
B0161140948,Producto Computers&Accessories 1398,Computers&Accessories,"₹1,184","₹2,754",57%,4.0,"5,806"
B0810901851,Producto Home&Kitchen 1399,Home&Kitchen,₹848,"₹1,766",52%,3.7,"12,436"
B0538308645,Producto Electronics 1400,Electronics,"₹2,746","₹6,386",57%,4.3,"10,752"
B0719554679,Producto Electronics 1401,Electronics,"₹2,265","₹4,356",48%,4.0,950
B0708782624,Producto Electronics 1402,Electronics,"₹2,117","₹5,163",59%,4.2,"5,758"
B0277937916,Producto Home&Kitchen 1403,Home&Kitchen,₹529,"₹1,322",60%,3.9,"10,291"
B0856055114,Producto Home&Kitchen 1404,Home&Kitchen,₹821,"₹1,440",43%,3.7,"3,846"
B0591488812,Producto Computers&Accessories 1405,Computers&Accessories,"₹2,774","₹4,141",33%,3.7,"3,730"
B0781622955,Producto MusicalInstruments 1406,MusicalInstruments,"₹1,029","₹1,336",23%,3.5,401
B0797220148,Producto Home&Kitchen 1407,Home&Kitchen,₹496,"₹1,273",61%,3.7,"2,518"
B0525058478,Producto Computers&Accessories 1408,Computers&Accessories,₹792,"₹1,685",53%,3.6,"6,071"
B0422950816,Producto OfficeProducts 1409,OfficeProducts,₹104,₹180,42%,3.7,"3,279"
B0874725186,Producto Electronics 1410,Electronics,₹382,"₹1,032",63%,3.8,890
B0123953881,Producto Electronics 1411,Electronics,"₹2,833","₹3,373",16%,4.1,"6,742"
B0750489192,Producto Electronics 1412,Electronics,"₹5,401","₹6,837",21%,4.1,"2,980"
B0779002381,Producto Electronics 1413,Electronics,"₹2,116","₹3,919",46%,4.1,"5,227"
B0499534076,Producto Computers&Accessories 1414,Computers&Accessories,"₹1,003","₹1,302",23%,4.3,830
B0884718230,Producto Toys&Games 1415,Toys&Games,"₹1,362","₹1,892",28%,3.9,445
B0139119995,Producto Electronics 1416,Electronics,"₹1,562","₹2,441",36%,3.8,"4,220"
B0870720437,Producto Electronics 1417,Electronics,₹820,"₹1,367",40%,4.6,"15,384"
B0997462647,Producto Computers&Accessories 1418,Computers&Accessories,"₹2,458","₹6,642",63%,4.3,"12,389"
B0964109959,Producto Toys&Games 1419,Toys&Games,₹560,₹800,30%,4.0,"6,741"
B0397842869,Producto Electronics 1420,Electronics,"₹4,740","₹9,673",51%,4.1,"6,220"
B0459057443,Producto Computers&Accessories 1421,Computers&Accessories,₹936,"₹2,079",55%,4.1,"1,349"
B0325068243,Producto Electronics 1422,Electronics,"₹1,863","₹3,388",45%,4.0,240
B0330231935,Producto Electronics 1423,Electronics,₹395,₹858,54%,4.1,"30,245"
B0655607987,Producto Health&PersonalCare 1424,Health&PersonalCare,₹200,₹358,44%,4.1,"3,925"
B0791069061,Producto Car&Motorbike 1425,Car&Motorbike,₹621,"₹1,773",65%,3.9,"2,985"
B0263081056,Producto Electronics 1426,Electronics,"₹4,169","₹5,414",23%,3.5,"2,849"
B0199169179,Producto Car&Motorbike 1427,Car&Motorbike,₹560,"₹1,400",60%,3.5,"1,465"
B0945173425,Producto Home&Kitchen 1428,Home&Kitchen,₹347,₹991,65%,4.3,"4,080"
B0823809957,Producto OfficeProducts 1429,OfficeProducts,₹280,₹684,59%,3.6,"16,021"
B0929456285,Producto Computers&Accessories 1430,Computers&Accessories,₹635,₹814,22%,4.1,"4,916"
B0508475629,Producto Computers&Accessories 1431,Computers&Accessories,"₹3,039","₹5,426",44%,3.7,"6,310"
B0324860650,Producto Computers&Accessories 1432,Computers&Accessories,"₹1,728","₹3,677",53%,3.7,"3,805"
B0549369936,Producto Home&Kitchen 1433,Home&Kitchen,₹908,"₹1,150",21%,3.8,"7,472"
B0758834248,Producto Electronics 1434,Electronics,₹986,"₹2,294",57%,4.1,"12,838"
B0297710811,Producto Electronics 1435,Electronics,"₹8,299","₹11,065",25%,3.6,"2,354"
B0940336821,Producto Electronics 1436,Electronics,"₹1,281","₹2,002",36%,3.8,"3,737"
B0158833563,Producto Home&Kitchen 1437,Home&Kitchen,₹485,"₹1,055",54%,4.0,"13,719"
B0643833575,Producto Electronics 1438,Electronics,"₹3,033","₹8,921",66%,3.7,"5,040"
B0186531067,Producto Home&Kitchen 1439,Home&Kitchen,₹648,"₹1,506",57%,4.4,"4,472"
B0614333103,Producto Car&Motorbike 1440,Car&Motorbike,₹176,₹244,28%,3.5,"2,209"
B0282285739,Producto Electronics 1441,Electronics,"₹1,654","₹4,135",60%,4.0,"3,352"
B0288620347,Producto Home&Kitchen 1442,Home&Kitchen,₹569,₹780,27%,4.3,"4,468"
B0555883268,Producto Computers&Accessories 1443,Computers&Accessories,₹328,₹529,38%,3.6,"2,243"
B0420847812,Producto OfficeProducts 1444,OfficeProducts,₹226,₹434,48%,4.0,"4,909"
B0333621965,Producto Electronics 1445,Electronics,₹661,"₹1,272",48%,4.1,"2,421"
B0811074757,Producto Home&Kitchen 1446,Home&Kitchen,₹391,₹631,38%,3.8,"5,251"
B0319240326,Producto MusicalInstruments 1447,MusicalInstruments,"₹1,850","₹2,984",38%,4.0,"6,560"
B0605792502,Producto Toys&Games 1448,Toys&Games,₹121,₹213,43%,4.2,"8,773"
B0444830096,Producto Home&Kitchen 1449,Home&Kitchen,"₹1,540","₹2,369",35%,3.9,"6,116"
B0763996218,Producto Computers&Accessories 1450,Computers&Accessories,₹817,"₹1,634",50%,4.2,"12,099"
B0620348382,Producto Computers&Accessories 1451,Computers&Accessories,₹617,"₹1,122",45%,4.1,"5,369"
B0581053077,Producto OfficeProducts 1452,OfficeProducts,₹321,₹518,38%,3.8,"3,947"
B0645340204,Producto Computers&Accessories 1453,Computers&Accessories,₹601,₹801,25%,4.3,"2,331"
B0614444232,Producto Electronics 1454,Electronics,₹742,"₹1,279",42%,3.8,"7,657"
B0149359802,Producto Toys&Games 1455,Toys&Games,₹181,₹548,67%,4.3,"3,880"
B0801464399,Producto Home&Kitchen 1456,Home&Kitchen,₹915,"₹1,551",41%,3.8,465
B0157293283,Producto Home&Kitchen 1457,Home&Kitchen,₹855,"₹1,781",52%,3.9,"2,481"
B0704445153,Producto Electronics 1458,Electronics,"₹1,065","₹2,265",53%,4.0,"10,085"
B0372367116,Producto Home&Kitchen 1459,Home&Kitchen,₹894,"₹1,064",16%,4.0,"5,465"
B0444996178,Producto Computers&Accessories 1460,Computers&Accessories,"₹1,451","₹2,460",41%,3.3,"3,737"
B0527239691,Producto Home&Kitchen 1461,Home&Kitchen,"₹1,561","₹3,469",55%,4.2,"27,489"
B0492777635,Producto Electronics 1462,Electronics,"₹2,284","₹3,514",35%,4.0,"5,643"
B0509356553,Producto Home&Kitchen 1463,Home&Kitchen,₹335,₹728,54%,4.1,"2,331"
B0385184527,Producto Health&PersonalCare 1464,Health&PersonalCare,₹78,₹228,66%,4.2,"2,469"
B0481614239,Producto Electronics 1094,Electronics,₹708,"₹2,023",65%,4.1,"5,409"
B0845013605,Producto Electronics 173,Electronics,"₹1,706","₹3,412",50%,4.0,"2,814"
B0169063439,Producto Electronics 593,Electronics,₹380,₹928,59%,3.7,494
B0682332239,Producto Computers&Accessories 968,Computers&Accessories,₹703,"₹1,634",57%,4.6,"11,784"
B0838213795,Producto Electronics 883,Electronics,₹340,₹558,39%,3.6,"7,123"
B0539650772,Producto Electronics 1368,Electronics,"₹2,803","₹5,721",51%,4.0,"2,551"
B0306695498,Producto Electronics 579,Electronics,₹998,"₹3,119",68%,4.1,"14,037"
B0916584543,Producto Home&Kitchen 235,Home&Kitchen,₹315,₹807,61%,4.1,"6,311"
B0749525839,Producto Computers&Accessories 188,Computers&Accessories,"₹1,598","₹3,474",54%,3.7,"2,071"
B0237474758,Producto Home&Kitchen 1272,Home&Kitchen,"₹1,022","₹1,548",34%,4.0,"13,055"
B0147792071,Producto Electronics 1385,Electronics,"₹1,265","₹3,011",58%,4.3,"24,478"
B0699537238,Producto Electronics 71,Electronics,"₹1,058","₹1,374",23%,3.9,"10,192"
B0819097793,Producto Computers&Accessories 477,Computers&Accessories,₹563,"₹1,223",54%,4.6,"6,139"
B0652425556,Producto Home&Kitchen 839,Home&Kitchen,₹363,₹955,62%,3.8,"8,515"
B0708782624,Producto Electronics 1402,Electronics,"₹2,117","₹5,163",59%,4.2,"5,758"
